outlet,domain,category,url,http,status
AP News,apnews.com,AP News,https://apnews.com/press-release/ein-presswire-newsmatics/press-release-df2283f31104321eae816839632a3c48,200,LIVE
Aberdeen News,aberdeennews.com,USA TODAY Network,https://www.aberdeennews.com/press-release/story/206109/eteacher-group-launches-longevity-life-academy-to-teach-the-longevity-protocol-the-wealthy-pay-millions-for/,429,LIVE (bot-blocked to scripts)
Abilene Reporter-News,reporternews.com,USA TODAY Network,https://www.reporternews.com/press-release/story/95055/eteacher-group-launches-longevity-life-academy-to-teach-the-longevity-protocol-the-wealthy-pay-millions-for/,429,LIVE (bot-blocked to scripts)
Akron Beacon Journal,beaconjournal.com,USA TODAY Network,https://beaconjournal.com/press-release/story/210275/eteacher-group-launches-longevity-life-academy-to-teach-the-longevity-protocol-the-wealthy-pay-millions-for/,429,LIVE (bot-blocked to scripts)
Aledo Times Record,aledotimesrecord.com,USA TODAY Network,https://www.aledotimesrecord.com/press-release/story/120488/eteacher-group-launches-longevity-life-academy-to-teach-the-longevity-protocol-the-wealthy-pay-millions-for/,429,LIVE (bot-blocked to scripts)
Amarillo Globe-News,amarillo.com,USA TODAY Network,https://www.amarillo.com/press-release/story/155417/eteacher-group-launches-longevity-life-academy-to-teach-the-longevity-protocol-the-wealthy-pay-millions-for/,429,LIVE (bot-blocked to scripts)
Ames Tribune,amestrib.com,USA TODAY Network,https://www.amestrib.com/press-release/story/153377/eteacher-group-launches-longevity-life-academy-to-teach-the-longevity-protocol-the-wealthy-pay-millions-for/,429,LIVE (bot-blocked to scripts)
Anderson Independent Mail,independentmail.com,USA TODAY Network,https://www.independentmail.com/press-release/story/92350/eteacher-group-launches-longevity-life-academy-to-teach-the-longevity-protocol-the-wealthy-pay-millions-for/,429,LIVE (bot-blocked to scripts)
Argus Leader,argusleader.com,USA TODAY Network,https://www.argusleader.com/press-release/story/138137/eteacher-group-launches-longevity-life-academy-to-teach-the-longevity-protocol-the-wealthy-pay-millions-for/,429,LIVE (bot-blocked to scripts)
Asbury Park Press,app.com,USA TODAY Network,https://www.app.com/press-release/story/98950/eteacher-group-launches-longevity-life-academy-to-teach-the-longevity-protocol-the-wealthy-pay-millions-for/,429,LIVE (bot-blocked to scripts)
Asheville Citizen Times,citizen-times.com,USA TODAY Network,https://www.citizen-times.com/press-release/story/120355/eteacher-group-launches-longevity-life-academy-to-teach-the-longevity-protocol-the-wealthy-pay-millions-for/,200,LIVE
Athens Banner-Herald,onlineathens.com,USA TODAY Network,https://www.onlineathens.com/press-release/story/95319/eteacher-group-launches-longevity-life-academy-to-teach-the-longevity-protocol-the-wealthy-pay-millions-for/,429,LIVE (bot-blocked to scripts)
Barnstable Patriot,barnstablepatriot.com,USA TODAY Network,https://www.barnstablepatriot.com/press-release/story/181998/eteacher-group-launches-longevity-life-academy-to-teach-the-longevity-protocol-the-wealthy-pay-millions-for/,429,LIVE (bot-blocked to scripts)
Battle Creek Enquirer,battlecreekenquirer.com,USA TODAY Network,https://www.battlecreekenquirer.com/press-release/story/135212/eteacher-group-launches-longevity-life-academy-to-teach-the-longevity-protocol-the-wealthy-pay-millions-for/,200,LIVE
Beaver County Times,timesonline.com,USA TODAY Network,https://www.timesonline.com/press-release/story/93833/eteacher-group-launches-longevity-life-academy-to-teach-the-longevity-protocol-the-wealthy-pay-millions-for/,429,LIVE (bot-blocked to scripts)
Blueridgenow,blueridgenow.com,USA TODAY Network,https://www.blueridgenow.com/press-release/story/129105/eteacher-group-launches-longevity-life-academy-to-teach-the-longevity-protocol-the-wealthy-pay-millions-for/,200,LIVE
Bluffton Today,blufftontoday.com,USA TODAY Network,https://www.blufftontoday.com/press-release/story/110982/eteacher-group-launches-longevity-life-academy-to-teach-the-longevity-protocol-the-wealthy-pay-millions-for/,429,LIVE (bot-blocked to scripts)
Bucks County Courier Times,phillyburbs.com,USA TODAY Network,https://www.phillyburbs.com/press-release/story/95660/eteacher-group-launches-longevity-life-academy-to-teach-the-longevity-protocol-the-wealthy-pay-millions-for/,200,LIVE
Burlington County Times,burlingtoncountytimes.com,USA TODAY Network,https://www.burlingtoncountytimes.com/press-release/story/130848/eteacher-group-launches-longevity-life-academy-to-teach-the-longevity-protocol-the-wealthy-pay-millions-for/,429,LIVE (bot-blocked to scripts)
Burlington Free Press,burlingtonfreepress.com,USA TODAY Network,https://www.burlingtonfreepress.com/press-release/story/142626/eteacher-group-launches-longevity-life-academy-to-teach-the-longevity-protocol-the-wealthy-pay-millions-for/,429,LIVE (bot-blocked to scripts)
Canton Daily Ledger,cantondailyledger.com,USA TODAY Network,https://www.cantondailyledger.com/press-release/story/131801/eteacher-group-launches-longevity-life-academy-to-teach-the-longevity-protocol-the-wealthy-pay-millions-for/,200,LIVE
Cape Cod Times,capecodtimes.com,USA TODAY Network,https://www.capecodtimes.com/press-release/story/140264/eteacher-group-launches-longevity-life-academy-to-teach-the-longevity-protocol-the-wealthy-pay-millions-for/,429,LIVE (bot-blocked to scripts)
Cheboygan Daily Tribune,cheboygannews.com,USA TODAY Network,https://www.cheboygannews.com/press-release/story/147990/eteacher-group-launches-longevity-life-academy-to-teach-the-longevity-protocol-the-wealthy-pay-millions-for/,429,LIVE (bot-blocked to scripts)
Chillicothe Gazette,chillicothegazette.com,USA TODAY Network,https://www.chillicothegazette.com/press-release/story/125312/eteacher-group-launches-longevity-life-academy-to-teach-the-longevity-protocol-the-wealthy-pay-millions-for/,200,LIVE
Cincinnati Enquirer,cincinnati.com,USA TODAY Network,https://www.cincinnati.com/press-release/story/98336/eteacher-group-launches-longevity-life-academy-to-teach-the-longevity-protocol-the-wealthy-pay-millions-for/,429,LIVE (bot-blocked to scripts)
Columbia Daily Tribune,columbiatribune.com,USA TODAY Network,https://columbiatribune.com/press-release/story/116746/eteacher-group-launches-longevity-life-academy-to-teach-the-longevity-protocol-the-wealthy-pay-millions-for/,429,LIVE (bot-blocked to scripts)
Corpus Christi Caller-Times,caller.com,USA TODAY Network,https://www.caller.com/press-release/story/150031/eteacher-group-launches-longevity-life-academy-to-teach-the-longevity-protocol-the-wealthy-pay-millions-for/,429,LIVE (bot-blocked to scripts)
Coshocton Tribune,coshoctontribune.com,USA TODAY Network,https://www.coshoctontribune.com/press-release/story/110899/eteacher-group-launches-longevity-life-academy-to-teach-the-longevity-protocol-the-wealthy-pay-millions-for/,200,LIVE
Daily American,dailyamerican.com,USA TODAY Network,https://www.dailyamerican.com/press-release/story/122400/eteacher-group-launches-longevity-life-academy-to-teach-the-longevity-protocol-the-wealthy-pay-millions-for/,429,LIVE (bot-blocked to scripts)
Daily Comet,dailycomet.com,USA TODAY Network,https://www.dailycomet.com/press-release/story/110356/eteacher-group-launches-longevity-life-academy-to-teach-the-longevity-protocol-the-wealthy-pay-millions-for/,200,LIVE
Daily Commercial,dailycommercial.com,USA TODAY Network,https://www.dailycommercial.com/press-release/story/145905/eteacher-group-launches-longevity-life-academy-to-teach-the-longevity-protocol-the-wealthy-pay-millions-for/,200,LIVE
Daily Messenger,mpnnow.com,USA TODAY Network,https://www.mpnnow.com/press-release/story/574911/eteacher-group-launches-longevity-life-academy-to-teach-the-longevity-protocol-the-wealthy-pay-millions-for/,429,LIVE (bot-blocked to scripts)
Daily Record,dailyrecord.com,USA TODAY Network,https://www.dailyrecord.com/press-release/story/115802/eteacher-group-launches-longevity-life-academy-to-teach-the-longevity-protocol-the-wealthy-pay-millions-for/,200,LIVE
Daily Review Atlas,reviewatlas.com,USA TODAY Network,https://www.reviewatlas.com/press-release/story/93904/eteacher-group-launches-longevity-life-academy-to-teach-the-longevity-protocol-the-wealthy-pay-millions-for/,429,LIVE (bot-blocked to scripts)
Daily Tribune,wisconsinrapidstribune.com,USA TODAY Network,https://www.wisconsinrapidstribune.com/press-release/story/90838/eteacher-group-launches-longevity-life-academy-to-teach-the-longevity-protocol-the-wealthy-pay-millions-for/,429,LIVE (bot-blocked to scripts)
Daily World,dailyworld.com,USA TODAY Network,https://www.dailyworld.com/press-release/story/116589/eteacher-group-launches-longevity-life-academy-to-teach-the-longevity-protocol-the-wealthy-pay-millions-for/,429,LIVE (bot-blocked to scripts)
Delmarva Now,delmarvanow.com,USA TODAY Network,https://www.delmarvanow.com/press-release/story/121386/eteacher-group-launches-longevity-life-academy-to-teach-the-longevity-protocol-the-wealthy-pay-millions-for/,429,LIVE (bot-blocked to scripts)
Democrat and Chronicle,democratandchronicle.com,USA TODAY Network,https://www.democratandchronicle.com/press-release/story/214964/eteacher-group-launches-longevity-life-academy-to-teach-the-longevity-protocol-the-wealthy-pay-millions-for/,429,LIVE (bot-blocked to scripts)
Des Moines Register,desmoinesregister.com,USA TODAY Network,https://www.desmoinesregister.com/press-release/story/100563/eteacher-group-launches-longevity-life-academy-to-teach-the-longevity-protocol-the-wealthy-pay-millions-for/,429,LIVE (bot-blocked to scripts)
Detroit Free Press,freep.com,USA TODAY Network,https://www.freep.com/press-release/story/219533/eteacher-group-launches-longevity-life-academy-to-teach-the-longevity-protocol-the-wealthy-pay-millions-for/,200,LIVE
Donaldsonville Chief,donaldsonvillechief.com,USA TODAY Network,https://www.donaldsonvillechief.com/press-release/story/111862/eteacher-group-launches-longevity-life-academy-to-teach-the-longevity-protocol-the-wealthy-pay-millions-for/,429,LIVE (bot-blocked to scripts)
Echo Pilot,echo-pilot.com,USA TODAY Network,https://www.echo-pilot.com/press-release/story/111620/eteacher-group-launches-longevity-life-academy-to-teach-the-longevity-protocol-the-wealthy-pay-millions-for/,429,LIVE (bot-blocked to scripts)
El Paso Times,elpasotimes.com,USA TODAY Network,https://www.elpasotimes.com/press-release/story/176414/eteacher-group-launches-longevity-life-academy-to-teach-the-longevity-protocol-the-wealthy-pay-millions-for/,200,LIVE
Ellwood City Ledger,ellwoodcityledger.com,USA TODAY Network,https://www.ellwoodcityledger.com/press-release/story/116688/eteacher-group-launches-longevity-life-academy-to-teach-the-longevity-protocol-the-wealthy-pay-millions-for/,429,LIVE (bot-blocked to scripts)
Erie Times-News,goerie.com,USA TODAY Network,https://www.goerie.com/press-release/story/126771/eteacher-group-launches-longevity-life-academy-to-teach-the-longevity-protocol-the-wealthy-pay-millions-for/,429,LIVE (bot-blocked to scripts)
Evansville Courier & Press,courierpress.com,USA TODAY Network,https://www.courierpress.com/press-release/story/137794/eteacher-group-launches-longevity-life-academy-to-teach-the-longevity-protocol-the-wealthy-pay-millions-for/,429,LIVE (bot-blocked to scripts)
Examiner-Enterprise,examiner-enterprise.com,USA TODAY Network,https://www.examiner-enterprise.com/press-release/story/126137/eteacher-group-launches-longevity-life-academy-to-teach-the-longevity-protocol-the-wealthy-pay-millions-for/,429,LIVE (bot-blocked to scripts)
Farm Forum,farmforum.net,USA TODAY Network,https://www.farmforum.net/press-release/story/117486/eteacher-group-launches-longevity-life-academy-to-teach-the-longevity-protocol-the-wealthy-pay-millions-for/,429,LIVE (bot-blocked to scripts)
Farmers Advance,farmersadvance.com,USA TODAY Network,https://www.farmersadvance.com/press-release/story/111947/eteacher-group-launches-longevity-life-academy-to-teach-the-longevity-protocol-the-wealthy-pay-millions-for/,429,LIVE (bot-blocked to scripts)
Florida Today,floridatoday.com,USA TODAY Network,https://www.floridatoday.com/press-release/story/136604/eteacher-group-launches-longevity-life-academy-to-teach-the-longevity-protocol-the-wealthy-pay-millions-for/,429,LIVE (bot-blocked to scripts)
Fort Collins Coloradoan,coloradoan.com,USA TODAY Network,https://www.coloradoan.com/press-release/story/113508/eteacher-group-launches-longevity-life-academy-to-teach-the-longevity-protocol-the-wealthy-pay-millions-for/,429,LIVE (bot-blocked to scripts)
Foster's Daily Democrat,fosters.com,USA TODAY Network,https://www.fosters.com/press-release/story/150426/eteacher-group-launches-longevity-life-academy-to-teach-the-longevity-protocol-the-wealthy-pay-millions-for/,429,LIVE (bot-blocked to scripts)
Geneseo Republic,geneseorepublic.com,USA TODAY Network,https://www.geneseorepublic.com/press-release/story/108170/eteacher-group-launches-longevity-life-academy-to-teach-the-longevity-protocol-the-wealthy-pay-millions-for/,429,LIVE (bot-blocked to scripts)
Great Falls Tribune,greatfallstribune.com,USA TODAY Network,https://www.greatfallstribune.com/press-release/story/136868/eteacher-group-launches-longevity-life-academy-to-teach-the-longevity-protocol-the-wealthy-pay-millions-for/,429,LIVE (bot-blocked to scripts)
Green Bay Press-Gazette,greenbaypressgazette.com,USA TODAY Network,https://www.greenbaypressgazette.com/press-release/story/154864/eteacher-group-launches-longevity-life-academy-to-teach-the-longevity-protocol-the-wealthy-pay-millions-for/,429,LIVE (bot-blocked to scripts)
Hattiesburg American,hattiesburgamerican.com,USA TODAY Network,https://www.hattiesburgamerican.com/press-release/story/132030/eteacher-group-launches-longevity-life-academy-to-teach-the-longevity-protocol-the-wealthy-pay-millions-for/,429,LIVE (bot-blocked to scripts)
Herald Times Reporter,htrnews.com,USA TODAY Network,https://www.htrnews.com/press-release/story/125985/eteacher-group-launches-longevity-life-academy-to-teach-the-longevity-protocol-the-wealthy-pay-millions-for/,200,LIVE
Herald-Journal,goupstate.com,USA TODAY Network,https://www.goupstate.com/press-release/story/156711/eteacher-group-launches-longevity-life-academy-to-teach-the-longevity-protocol-the-wealthy-pay-millions-for/,200,LIVE
Hillsdale Daily News,hillsdale.net,USA TODAY Network,https://www.hillsdale.net/press-release/story/136510/eteacher-group-launches-longevity-life-academy-to-teach-the-longevity-protocol-the-wealthy-pay-millions-for/,429,LIVE (bot-blocked to scripts)
Journal & Courier,jconline.com,USA TODAY Network,https://www.jconline.com/press-release/story/92531/eteacher-group-launches-longevity-life-academy-to-teach-the-longevity-protocol-the-wealthy-pay-millions-for/,429,LIVE (bot-blocked to scripts)
Kitsap Sun,kitsapsun.com,USA TODAY Network,https://www.kitsapsun.com/press-release/story/773856/eteacher-group-launches-longevity-life-academy-to-teach-the-longevity-protocol-the-wealthy-pay-millions-for/,429,LIVE (bot-blocked to scripts)
Knoxville News Sentinel,knoxnews.com,USA TODAY Network,https://www.knoxnews.com/press-release/story/210272/eteacher-group-launches-longevity-life-academy-to-teach-the-longevity-protocol-the-wealthy-pay-millions-for/,429,LIVE (bot-blocked to scripts)
Lancaster Eagle-Gazette,lancastereaglegazette.com,USA TODAY Network,https://www.lancastereaglegazette.com/press-release/story/92332/eteacher-group-launches-longevity-life-academy-to-teach-the-longevity-protocol-the-wealthy-pay-millions-for/,429,LIVE (bot-blocked to scripts)
Lansing State Journal,lansingstatejournal.com,USA TODAY Network,https://www.lansingstatejournal.com/press-release/story/1047852/eteacher-group-launches-longevity-life-academy-to-teach-the-longevity-protocol-the-wealthy-pay-millions-for/,429,LIVE (bot-blocked to scripts)
Las Cruces Sun-News,lcsun-news.com,USA TODAY Network,https://www.lcsun-news.com/press-release/story/498863/eteacher-group-launches-longevity-life-academy-to-teach-the-longevity-protocol-the-wealthy-pay-millions-for/,429,LIVE (bot-blocked to scripts)
Lebanon Daily News,ldnews.com,USA TODAY Network,https://www.ldnews.com/press-release/story/617022/eteacher-group-launches-longevity-life-academy-to-teach-the-longevity-protocol-the-wealthy-pay-millions-for/,429,LIVE (bot-blocked to scripts)
Lincoln Courier,lincolncourier.com,USA TODAY Network,https://www.lincolncourier.com/press-release/story/308543/eteacher-group-launches-longevity-life-academy-to-teach-the-longevity-protocol-the-wealthy-pay-millions-for/,429,LIVE (bot-blocked to scripts)
Livingston Daily,livingstondaily.com,USA TODAY Network,https://www.livingstondaily.com/press-release/story/961514/eteacher-group-launches-longevity-life-academy-to-teach-the-longevity-protocol-the-wealthy-pay-millions-for/,200,LIVE
Lubbock Avalanche-Journal,lubbockonline.com,USA TODAY Network,https://www.lubbockonline.com/press-release/story/198016/eteacher-group-launches-longevity-life-academy-to-teach-the-longevity-protocol-the-wealthy-pay-millions-for/,429,LIVE (bot-blocked to scripts)
Mansfield News Journal,mansfieldnewsjournal.com,USA TODAY Network,https://www.mansfieldnewsjournal.com/press-release/story/458503/eteacher-group-launches-longevity-life-academy-to-teach-the-longevity-protocol-the-wealthy-pay-millions-for/,429,LIVE (bot-blocked to scripts)
Marco Eagle,marconews.com,USA TODAY Network,https://www.marconews.com/press-release/story/1083380/eteacher-group-launches-longevity-life-academy-to-teach-the-longevity-protocol-the-wealthy-pay-millions-for/,429,LIVE (bot-blocked to scripts)
Marion Star,marionstar.com,USA TODAY Network,https://www.marionstar.com/press-release/story/813987/eteacher-group-launches-longevity-life-academy-to-teach-the-longevity-protocol-the-wealthy-pay-millions-for/,429,LIVE (bot-blocked to scripts)
Marshfield News-Herald,marshfieldnewsherald.com,USA TODAY Network,https://www.marshfieldnewsherald.com/press-release/story/367426/eteacher-group-launches-longevity-life-academy-to-teach-the-longevity-protocol-the-wealthy-pay-millions-for/,429,LIVE (bot-blocked to scripts)
MetroWest Daily News,metrowestdailynews.com,USA TODAY Network,https://www.metrowestdailynews.com/press-release/story/537124/eteacher-group-launches-longevity-life-academy-to-teach-the-longevity-protocol-the-wealthy-pay-millions-for/,429,LIVE (bot-blocked to scripts)
Milford Daily News,milforddailynews.com,USA TODAY Network,https://www.milforddailynews.com/press-release/story/734084/eteacher-group-launches-longevity-life-academy-to-teach-the-longevity-protocol-the-wealthy-pay-millions-for/,429,LIVE (bot-blocked to scripts)
Milwaukee Journal Sentinel,jsonline.com,USA TODAY Network,https://www.jsonline.com/press-release/story/216241/eteacher-group-launches-longevity-life-academy-to-teach-the-longevity-protocol-the-wealthy-pay-millions-for/,429,LIVE (bot-blocked to scripts)
Montgomery Advertiser,montgomeryadvertiser.com,USA TODAY Network,https://www.montgomeryadvertiser.com/press-release/story/714457/eteacher-group-launches-longevity-life-academy-to-teach-the-longevity-protocol-the-wealthy-pay-millions-for/,429,LIVE (bot-blocked to scripts)
Mount Shasta Herald,mtshastanews.com,USA TODAY Network,https://www.mtshastanews.com/press-release/story/535699/eteacher-group-launches-longevity-life-academy-to-teach-the-longevity-protocol-the-wealthy-pay-millions-for/,429,LIVE (bot-blocked to scripts)
MyCentralJersey,mycentraljersey.com,USA TODAY Network,https://www.mycentraljersey.com/press-release/story/421383/eteacher-group-launches-longevity-life-academy-to-teach-the-longevity-protocol-the-wealthy-pay-millions-for/,429,LIVE (bot-blocked to scripts)
Naples Daily News,naplesnews.com,USA TODAY Network,https://www.naplesnews.com/press-release/story/153684/eteacher-group-launches-longevity-life-academy-to-teach-the-longevity-protocol-the-wealthy-pay-millions-for/,429,LIVE (bot-blocked to scripts)
New Jersey Herald,njherald.com,USA TODAY Network,https://www.njherald.com/press-release/story/95379/eteacher-group-launches-longevity-life-academy-to-teach-the-longevity-protocol-the-wealthy-pay-millions-for/,429,LIVE (bot-blocked to scripts)
News Herald,portclintonnewsherald.com,USA TODAY Network,https://www.portclintonnewsherald.com/press-release/story/93546/eteacher-group-launches-longevity-life-academy-to-teach-the-longevity-protocol-the-wealthy-pay-millions-for/,429,LIVE (bot-blocked to scripts)
NorthJersey.com,northjersey.com,USA TODAY Network,https://www.northjersey.com/press-release/story/214762/eteacher-group-launches-longevity-life-academy-to-teach-the-longevity-protocol-the-wealthy-pay-millions-for/,429,LIVE (bot-blocked to scripts)
Northwest Florida Daily News,nwfdailynews.com,USA TODAY Network,https://www.nwfdailynews.com/press-release/story/95186/eteacher-group-launches-longevity-life-academy-to-teach-the-longevity-protocol-the-wealthy-pay-millions-for/,429,LIVE (bot-blocked to scripts)
Ocala StarBanner,ocala.com,USA TODAY Network,https://www.ocala.com/press-release/story/95004/eteacher-group-launches-longevity-life-academy-to-teach-the-longevity-protocol-the-wealthy-pay-millions-for/,429,LIVE (bot-blocked to scripts)
Oshkosh Northwestern,thenorthwestern.com,USA TODAY Network,https://www.thenorthwestern.com/press-release/story/93413/eteacher-group-launches-longevity-life-academy-to-teach-the-longevity-protocol-the-wealthy-pay-millions-for/,429,LIVE (bot-blocked to scripts)
Palladium-Item,pal-item.com,USA TODAY Network,https://www.pal-item.com/press-release/story/97065/eteacher-group-launches-longevity-life-academy-to-teach-the-longevity-protocol-the-wealthy-pay-millions-for/,429,LIVE (bot-blocked to scripts)
Palm Beach Daily News,palmbeachdailynews.com,USA TODAY Network,https://www.palmbeachdailynews.com/press-release/story/94923/eteacher-group-launches-longevity-life-academy-to-teach-the-longevity-protocol-the-wealthy-pay-millions-for/,429,LIVE (bot-blocked to scripts)
Pawhuska Journal-Capital,pawhuskajournalcapital.com,USA TODAY Network,https://www.pawhuskajournalcapital.com/press-release/story/95111/eteacher-group-launches-longevity-life-academy-to-teach-the-longevity-protocol-the-wealthy-pay-millions-for/,200,LIVE
Pekin Daily Times,pekintimes.com,USA TODAY Network,https://www.pekintimes.com/press-release/story/94977/eteacher-group-launches-longevity-life-academy-to-teach-the-longevity-protocol-the-wealthy-pay-millions-for/,429,LIVE (bot-blocked to scripts)
Pensacola News Journal,pnj.com,USA TODAY Network,https://www.pnj.com/press-release/story/95265/eteacher-group-launches-longevity-life-academy-to-teach-the-longevity-protocol-the-wealthy-pay-millions-for/,429,LIVE (bot-blocked to scripts)
Peoria Journal Star,pjstar.com,USA TODAY Network,https://www.pjstar.com/press-release/story/93908/eteacher-group-launches-longevity-life-academy-to-teach-the-longevity-protocol-the-wealthy-pay-millions-for/,429,LIVE (bot-blocked to scripts)
Petoskey News-Review,petoskeynews.com,USA TODAY Network,https://www.petoskeynews.com/press-release/story/95529/eteacher-group-launches-longevity-life-academy-to-teach-the-longevity-protocol-the-wealthy-pay-millions-for/,429,LIVE (bot-blocked to scripts)
Pocono Record,poconorecord.com,USA TODAY Network,https://www.poconorecord.com/press-release/story/94947/eteacher-group-launches-longevity-life-academy-to-teach-the-longevity-protocol-the-wealthy-pay-millions-for/,429,LIVE (bot-blocked to scripts)
Pontiac Daily Leader,pontiacdailyleader.com,USA TODAY Network,https://www.pontiacdailyleader.com/press-release/story/96810/eteacher-group-launches-longevity-life-academy-to-teach-the-longevity-protocol-the-wealthy-pay-millions-for/,429,LIVE (bot-blocked to scripts)
Poughkeepsie Journal,poughkeepsiejournal.com,USA TODAY Network,https://www.poughkeepsiejournal.com/press-release/story/94031/eteacher-group-launches-longevity-life-academy-to-teach-the-longevity-protocol-the-wealthy-pay-millions-for/,429,LIVE (bot-blocked to scripts)
Press & Sun-Bulletin,pressconnects.com,USA TODAY Network,https://www.pressconnects.com/press-release/story/93599/eteacher-group-launches-longevity-life-academy-to-teach-the-longevity-protocol-the-wealthy-pay-millions-for/,200,LIVE
Public Opinion,publicopiniononline.com,USA TODAY Network,https://www.publicopiniononline.com/press-release/story/93718/eteacher-group-launches-longevity-life-academy-to-teach-the-longevity-protocol-the-wealthy-pay-millions-for/,429,LIVE (bot-blocked to scripts)
Public Opinion,thepublicopinion.com,USA TODAY Network,https://www.thepublicopinion.com/press-release/story/92187/eteacher-group-launches-longevity-life-academy-to-teach-the-longevity-protocol-the-wealthy-pay-millions-for/,429,LIVE (bot-blocked to scripts)
Record Herald,therecordherald.com,USA TODAY Network,https://www.therecordherald.com/press-release/story/94294/eteacher-group-launches-longevity-life-academy-to-teach-the-longevity-protocol-the-wealthy-pay-millions-for/,429,LIVE (bot-blocked to scripts)
Record-Courier,record-courier.com,USA TODAY Network,https://www.record-courier.com/press-release/story/93719/eteacher-group-launches-longevity-life-academy-to-teach-the-longevity-protocol-the-wealthy-pay-millions-for/,429,LIVE (bot-blocked to scripts)
Redding Record Searchlight,redding.com,USA TODAY Network,https://www.redding.com/press-release/story/90408/eteacher-group-launches-longevity-life-academy-to-teach-the-longevity-protocol-the-wealthy-pay-millions-for/,429,LIVE (bot-blocked to scripts)
Reno Gazette Journal,rgj.com,USA TODAY Network,https://www.rgj.com/press-release/story/197898/eteacher-group-launches-longevity-life-academy-to-teach-the-longevity-protocol-the-wealthy-pay-millions-for/,429,LIVE (bot-blocked to scripts)
Reporter-Times,reporter-times.com,USA TODAY Network,https://www.reporter-times.com/press-release/story/94133/eteacher-group-launches-longevity-life-academy-to-teach-the-longevity-protocol-the-wealthy-pay-millions-for/,429,LIVE (bot-blocked to scripts)
Rockford Register Star,rrstar.com,USA TODAY Network,https://www.rrstar.com/press-release/story/93676/eteacher-group-launches-longevity-life-academy-to-teach-the-longevity-protocol-the-wealthy-pay-millions-for/,429,LIVE (bot-blocked to scripts)
Salina Journal,salina.com,USA TODAY Network,https://www.salina.com/press-release/story/94008/eteacher-group-launches-longevity-life-academy-to-teach-the-longevity-protocol-the-wealthy-pay-millions-for/,429,LIVE (bot-blocked to scripts)
San Angelo Standard-Times,gosanangelo.com,USA TODAY Network,https://www.gosanangelo.com/press-release/story/138208/eteacher-group-launches-longevity-life-academy-to-teach-the-longevity-protocol-the-wealthy-pay-millions-for/,429,LIVE (bot-blocked to scripts)
Sarasota Herald-Tribune,heraldtribune.com,USA TODAY Network,https://heraldtribune.com/press-release/story/201894/eteacher-group-launches-longevity-life-academy-to-teach-the-longevity-protocol-the-wealthy-pay-millions-for/,429,LIVE (bot-blocked to scripts)
Savannah Morning News,savannahnow.com,USA TODAY Network,https://www.savannahnow.com/press-release/story/94063/eteacher-group-launches-longevity-life-academy-to-teach-the-longevity-protocol-the-wealthy-pay-millions-for/,200,LIVE
Seacoastonline,seacoastonline.com,USA TODAY Network,https://www.seacoastonline.com/press-release/story/93682/eteacher-group-launches-longevity-life-academy-to-teach-the-longevity-protocol-the-wealthy-pay-millions-for/,429,LIVE (bot-blocked to scripts)
Siskiyou Daily News,siskiyoudaily.com,USA TODAY Network,https://www.siskiyoudaily.com/press-release/story/90684/eteacher-group-launches-longevity-life-academy-to-teach-the-longevity-protocol-the-wealthy-pay-millions-for/,429,LIVE (bot-blocked to scripts)
South Bend Tribune,southbendtribune.com,USA TODAY Network,https://www.southbendtribune.com/press-release/story/90712/eteacher-group-launches-longevity-life-academy-to-teach-the-longevity-protocol-the-wealthy-pay-millions-for/,429,LIVE (bot-blocked to scripts)
Southwest Times Record,swtimes.com,USA TODAY Network,https://www.swtimes.com/press-release/story/93994/eteacher-group-launches-longevity-life-academy-to-teach-the-longevity-protocol-the-wealthy-pay-millions-for/,429,LIVE (bot-blocked to scripts)
Spencer Evening World,spencereveningworld.com,USA TODAY Network,https://www.spencereveningworld.com/press-release/story/95770/eteacher-group-launches-longevity-life-academy-to-teach-the-longevity-protocol-the-wealthy-pay-millions-for/,200,LIVE
Springfield News-Leader,news-leader.com,USA TODAY Network,https://www.news-leader.com/press-release/story/96607/eteacher-group-launches-longevity-life-academy-to-teach-the-longevity-protocol-the-wealthy-pay-millions-for/,429,LIVE (bot-blocked to scripts)
St. Cloud Times,sctimes.com,USA TODAY Network,https://www.sctimes.com/press-release/story/94085/eteacher-group-launches-longevity-life-academy-to-teach-the-longevity-protocol-the-wealthy-pay-millions-for/,429,LIVE (bot-blocked to scripts)
Star Courier,starcourier.com,USA TODAY Network,https://www.starcourier.com/press-release/story/95488/eteacher-group-launches-longevity-life-academy-to-teach-the-longevity-protocol-the-wealthy-pay-millions-for/,429,LIVE (bot-blocked to scripts)
Star-Gazette,stargazette.com,USA TODAY Network,https://www.stargazette.com/press-release/story/96022/eteacher-group-launches-longevity-life-academy-to-teach-the-longevity-protocol-the-wealthy-pay-millions-for/,429,LIVE (bot-blocked to scripts)
StarNews,starnewsonline.com,USA TODAY Network,https://www.starnewsonline.com/press-release/story/93850/eteacher-group-launches-longevity-life-academy-to-teach-the-longevity-protocol-the-wealthy-pay-millions-for/,429,LIVE (bot-blocked to scripts)
Stevens Point Journal,stevenspointjournal.com,USA TODAY Network,https://www.stevenspointjournal.com/press-release/story/90648/eteacher-group-launches-longevity-life-academy-to-teach-the-longevity-protocol-the-wealthy-pay-millions-for/,429,LIVE (bot-blocked to scripts)
Sturgis Journal,sturgisjournal.com,USA TODAY Network,https://www.sturgisjournal.com/press-release/story/90823/eteacher-group-launches-longevity-life-academy-to-teach-the-longevity-protocol-the-wealthy-pay-millions-for/,429,LIVE (bot-blocked to scripts)
TCPalm,tcpalm.com,USA TODAY Network,https://www.tcpalm.com/press-release/story/93747/eteacher-group-launches-longevity-life-academy-to-teach-the-longevity-protocol-the-wealthy-pay-millions-for/,429,LIVE (bot-blocked to scripts)
Tallahassee Democrat,tallahassee.com,USA TODAY Network,https://www.tallahassee.com/press-release/story/93733/eteacher-group-launches-longevity-life-academy-to-teach-the-longevity-protocol-the-wealthy-pay-millions-for/,429,LIVE (bot-blocked to scripts)
Taunton Daily Gazette,tauntongazette.com,USA TODAY Network,https://www.tauntongazette.com/press-release/story/93995/eteacher-group-launches-longevity-life-academy-to-teach-the-longevity-protocol-the-wealthy-pay-millions-for/,429,LIVE (bot-blocked to scripts)
Telegram & Gazette,telegram.com,USA TODAY Network,https://www.telegram.com/press-release/story/198421/eteacher-group-launches-longevity-life-academy-to-teach-the-longevity-protocol-the-wealthy-pay-millions-for/,429,LIVE (bot-blocked to scripts)
Telegraph-Forum,bucyrustelegraphforum.com,USA TODAY Network,https://www.bucyrustelegraphforum.com/press-release/story/112488/eteacher-group-launches-longevity-life-academy-to-teach-the-longevity-protocol-the-wealthy-pay-millions-for/,429,LIVE (bot-blocked to scripts)
The Advocate,newarkadvocate.com,USA TODAY Network,https://www.newarkadvocate.com/press-release/story/315215/eteacher-group-launches-longevity-life-academy-to-teach-the-longevity-protocol-the-wealthy-pay-millions-for/,429,LIVE (bot-blocked to scripts)
The Alliance Review,the-review.com,USA TODAY Network,https://www.the-review.com/press-release/story/94900/eteacher-group-launches-longevity-life-academy-to-teach-the-longevity-protocol-the-wealthy-pay-millions-for/,429,LIVE (bot-blocked to scripts)
The Arizona Republic,azcentral.com,USA TODAY Network,https://www.azcentral.com/press-release/story/98960/eteacher-group-launches-longevity-life-academy-to-teach-the-longevity-protocol-the-wealthy-pay-millions-for/,429,LIVE (bot-blocked to scripts)
The Augusta Chronicle,augustachronicle.com,USA TODAY Network,https://www.augustachronicle.com/press-release/story/159146/eteacher-group-launches-longevity-life-academy-to-teach-the-longevity-protocol-the-wealthy-pay-millions-for/,429,LIVE (bot-blocked to scripts)
The Bulletin,norwichbulletin.com,USA TODAY Network,https://www.norwichbulletin.com/press-release/story/95284/eteacher-group-launches-longevity-life-academy-to-teach-the-longevity-protocol-the-wealthy-pay-millions-for/,429,LIVE (bot-blocked to scripts)
The Californian,thecalifornian.com,USA TODAY Network,https://www.thecalifornian.com/press-release/story/94194/eteacher-group-launches-longevity-life-academy-to-teach-the-longevity-protocol-the-wealthy-pay-millions-for/,429,LIVE (bot-blocked to scripts)
The Clarion-Ledger,clarionledger.com,USA TODAY Network,https://www.clarionledger.com/press-release/story/177768/eteacher-group-launches-longevity-life-academy-to-teach-the-longevity-protocol-the-wealthy-pay-millions-for/,429,LIVE (bot-blocked to scripts)
The Columbus Dispatch,dispatch.com,USA TODAY Network,https://www.dispatch.com/press-release/story/214783/eteacher-group-launches-longevity-life-academy-to-teach-the-longevity-protocol-the-wealthy-pay-millions-for/,429,LIVE (bot-blocked to scripts)
The Commercial Appeal,commercialappeal.com,USA TODAY Network,https://www.commercialappeal.com/press-release/story/132377/eteacher-group-launches-longevity-life-academy-to-teach-the-longevity-protocol-the-wealthy-pay-millions-for/,429,LIVE (bot-blocked to scripts)
The Courier-Journal,courier-journal.com,USA TODAY Network,https://www.courier-journal.com/press-release/story/203219/eteacher-group-launches-longevity-life-academy-to-teach-the-longevity-protocol-the-wealthy-pay-millions-for/,429,LIVE (bot-blocked to scripts)
The Daily Herald,columbiadailyherald.com,USA TODAY Network,https://www.columbiadailyherald.com/press-release/story/130240/eteacher-group-launches-longevity-life-academy-to-teach-the-longevity-protocol-the-wealthy-pay-millions-for/,429,LIVE (bot-blocked to scripts)
The Daily Jeffersonian,daily-jeff.com,USA TODAY Network,https://www.daily-jeff.com/press-release/story/156921/eteacher-group-launches-longevity-life-academy-to-teach-the-longevity-protocol-the-wealthy-pay-millions-for/,429,LIVE (bot-blocked to scripts)
The Daily Journal,thedailyjournal.com,USA TODAY Network,https://www.thedailyjournal.com/press-release/story/93910/eteacher-group-launches-longevity-life-academy-to-teach-the-longevity-protocol-the-wealthy-pay-millions-for/,429,LIVE (bot-blocked to scripts)
The Daily News Journal,dnj.com,USA TODAY Network,https://www.dnj.com/press-release/story/113685/eteacher-group-launches-longevity-life-academy-to-teach-the-longevity-protocol-the-wealthy-pay-millions-for/,429,LIVE (bot-blocked to scripts)
The Daily Record,the-daily-record.com,USA TODAY Network,https://www.the-daily-record.com/press-release/story/93942/eteacher-group-launches-longevity-life-academy-to-teach-the-longevity-protocol-the-wealthy-pay-millions-for/,429,LIVE (bot-blocked to scripts)
The Daily Reporter,thedailyreporter.com,USA TODAY Network,https://www.thedailyreporter.com/press-release/story/94036/eteacher-group-launches-longevity-life-academy-to-teach-the-longevity-protocol-the-wealthy-pay-millions-for/,429,LIVE (bot-blocked to scripts)
The Daily Telegram,lenconnect.com,USA TODAY Network,https://www.lenconnect.com/press-release/story/479923/eteacher-group-launches-longevity-life-academy-to-teach-the-longevity-protocol-the-wealthy-pay-millions-for/,429,LIVE (bot-blocked to scripts)
The Daytona Beach News-Journal,news-journalonline.com,USA TODAY Network,https://www.news-journalonline.com/press-release/story/94884/eteacher-group-launches-longevity-life-academy-to-teach-the-longevity-protocol-the-wealthy-pay-millions-for/,429,LIVE (bot-blocked to scripts)
The Desert Sun,desertsun.com,USA TODAY Network,https://www.desertsun.com/press-release/story/193271/eteacher-group-launches-longevity-life-academy-to-teach-the-longevity-protocol-the-wealthy-pay-millions-for/,429,LIVE (bot-blocked to scripts)
The Destin Log,thedestinlog.com,USA TODAY Network,https://www.thedestinlog.com/press-release/story/138746/eteacher-group-launches-longevity-life-academy-to-teach-the-longevity-protocol-the-wealthy-pay-millions-for/,429,LIVE (bot-blocked to scripts)
The Detroit News,detroitnews.com,USA TODAY Network,https://www.detroitnews.com/press-release/story/147475/eteacher-group-launches-longevity-life-academy-to-teach-the-longevity-protocol-the-wealthy-pay-millions-for/,200,LIVE
The Enterprise,enterprisenews.com,USA TODAY Network,https://www.enterprisenews.com/press-release/story/138800/eteacher-group-launches-longevity-life-academy-to-teach-the-longevity-protocol-the-wealthy-pay-millions-for/,429,LIVE (bot-blocked to scripts)
The Evening Sun,eveningsun.com,USA TODAY Network,https://www.eveningsun.com/press-release/story/120989/eteacher-group-launches-longevity-life-academy-to-teach-the-longevity-protocol-the-wealthy-pay-millions-for/,429,LIVE (bot-blocked to scripts)
The Evening Tribune,eveningtribune.com,USA TODAY Network,https://www.eveningtribune.com/press-release/story/111432/eteacher-group-launches-longevity-life-academy-to-teach-the-longevity-protocol-the-wealthy-pay-millions-for/,429,LIVE (bot-blocked to scripts)
The Fayetteville Observer,fayobserver.com,USA TODAY Network,https://www.fayobserver.com/press-release/story/118181/eteacher-group-launches-longevity-life-academy-to-teach-the-longevity-protocol-the-wealthy-pay-millions-for/,429,LIVE (bot-blocked to scripts)
The Florida Times-Union,jacksonville.com,USA TODAY Network,https://www.jacksonville.com/press-release/story/1055115/eteacher-group-launches-longevity-life-academy-to-teach-the-longevity-protocol-the-wealthy-pay-millions-for/,429,LIVE (bot-blocked to scripts)
The Gadsden Times,gadsdentimes.com,USA TODAY Network,https://www.gadsdentimes.com/press-release/story/142678/eteacher-group-launches-longevity-life-academy-to-teach-the-longevity-protocol-the-wealthy-pay-millions-for/,429,LIVE (bot-blocked to scripts)
The Gainesville Sun,gainesville.com,USA TODAY Network,https://www.gainesville.com/press-release/story/143076/eteacher-group-launches-longevity-life-academy-to-teach-the-longevity-protocol-the-wealthy-pay-millions-for/,429,LIVE (bot-blocked to scripts)
The Gardner News,thegardnernews.com,USA TODAY Network,https://www.thegardnernews.com/press-release/story/94358/eteacher-group-launches-longevity-life-academy-to-teach-the-longevity-protocol-the-wealthy-pay-millions-for/,200,LIVE
The Gaston Gazette,gastongazette.com,USA TODAY Network,https://www.gastongazette.com/press-release/story/121639/eteacher-group-launches-longevity-life-academy-to-teach-the-longevity-protocol-the-wealthy-pay-millions-for/,429,LIVE (bot-blocked to scripts)
The Gleaner,thegleaner.com,USA TODAY Network,https://www.thegleaner.com/press-release/story/91074/eteacher-group-launches-longevity-life-academy-to-teach-the-longevity-protocol-the-wealthy-pay-millions-for/,429,LIVE (bot-blocked to scripts)
The Greenville News,greenvilleonline.com,USA TODAY Network,https://www.greenvilleonline.com/press-release/story/171957/eteacher-group-launches-longevity-life-academy-to-teach-the-longevity-protocol-the-wealthy-pay-millions-for/,429,LIVE (bot-blocked to scripts)
The Herald News,heraldnews.com,USA TODAY Network,https://heraldnews.com/press-release/story/175950/eteacher-group-launches-longevity-life-academy-to-teach-the-longevity-protocol-the-wealthy-pay-millions-for/,429,LIVE (bot-blocked to scripts)
The Herald-Mail,heraldmailmedia.com,USA TODAY Network,https://www.heraldmailmedia.com/press-release/story/117094/eteacher-group-launches-longevity-life-academy-to-teach-the-longevity-protocol-the-wealthy-pay-millions-for/,429,LIVE (bot-blocked to scripts)
The Herald-Times,heraldtimesonline.com,USA TODAY Network,https://www.heraldtimesonline.com/press-release/story/110053/eteacher-group-launches-longevity-life-academy-to-teach-the-longevity-protocol-the-wealthy-pay-millions-for/,429,LIVE (bot-blocked to scripts)
The Holland Sentinel,hollandsentinel.com,USA TODAY Network,https://www.hollandsentinel.com/press-release/story/152222/eteacher-group-launches-longevity-life-academy-to-teach-the-longevity-protocol-the-wealthy-pay-millions-for/,429,LIVE (bot-blocked to scripts)
The Hutchinson News,hutchnews.com,USA TODAY Network,https://www.hutchnews.com/press-release/story/129809/eteacher-group-launches-longevity-life-academy-to-teach-the-longevity-protocol-the-wealthy-pay-millions-for/,429,LIVE (bot-blocked to scripts)
The Independent,indeonline.com,USA TODAY Network,https://www.indeonline.com/press-release/story/113877/eteacher-group-launches-longevity-life-academy-to-teach-the-longevity-protocol-the-wealthy-pay-millions-for/,429,LIVE (bot-blocked to scripts)
The Indianapolis Star,indystar.com,USA TODAY Network,https://www.indystar.com/press-release/story/98580/eteacher-group-launches-longevity-life-academy-to-teach-the-longevity-protocol-the-wealthy-pay-millions-for/,429,LIVE (bot-blocked to scripts)
The Ithaca Journal,ithacajournal.com,USA TODAY Network,https://www.ithacajournal.com/press-release/story/92243/eteacher-group-launches-longevity-life-academy-to-teach-the-longevity-protocol-the-wealthy-pay-millions-for/,429,LIVE (bot-blocked to scripts)
The Jackson Sun,jacksonsun.com,USA TODAY Network,https://www.jacksonsun.com/press-release/story/92144/eteacher-group-launches-longevity-life-academy-to-teach-the-longevity-protocol-the-wealthy-pay-millions-for/,429,LIVE (bot-blocked to scripts)
The Journal News / lohud,lohud.com,USA TODAY Network,https://www.lohud.com/press-release/story/203459/eteacher-group-launches-longevity-life-academy-to-teach-the-longevity-protocol-the-wealthy-pay-millions-for/,200,LIVE
The Journal-Standard,journalstandard.com,USA TODAY Network,https://www.journalstandard.com/press-release/story/360731/eteacher-group-launches-longevity-life-academy-to-teach-the-longevity-protocol-the-wealthy-pay-millions-for/,429,LIVE (bot-blocked to scripts)
The Leader,the-leader.com,USA TODAY Network,https://www.the-leader.com/press-release/story/94112/eteacher-group-launches-longevity-life-academy-to-teach-the-longevity-protocol-the-wealthy-pay-millions-for/,429,LIVE (bot-blocked to scripts)
The Ledger,newschief.com,USA TODAY Network,https://www.newschief.com/press-release/story/95137/eteacher-group-launches-longevity-life-academy-to-teach-the-longevity-protocol-the-wealthy-pay-millions-for/,429,LIVE (bot-blocked to scripts)
The McDonough County Voice,mcdonoughvoice.com,USA TODAY Network,https://www.mcdonoughvoice.com/press-release/story/94443/eteacher-group-launches-longevity-life-academy-to-teach-the-longevity-protocol-the-wealthy-pay-millions-for/,200,LIVE
The Monroe News,monroenews.com,USA TODAY Network,https://www.monroenews.com/press-release/story/740508/eteacher-group-launches-longevity-life-academy-to-teach-the-longevity-protocol-the-wealthy-pay-millions-for/,429,LIVE (bot-blocked to scripts)
The Newport Daily News,newportri.com,USA TODAY Network,https://www.newportri.com/press-release/story/95148/eteacher-group-launches-longevity-life-academy-to-teach-the-longevity-protocol-the-wealthy-pay-millions-for/,200,LIVE
The News Herald,newsherald.com,USA TODAY Network,https://www.newsherald.com/press-release/story/94916/eteacher-group-launches-longevity-life-academy-to-teach-the-longevity-protocol-the-wealthy-pay-millions-for/,200,LIVE
The News Journal,delawareonline.com,USA TODAY Network,https://www.delawareonline.com/press-release/story/169161/eteacher-group-launches-longevity-life-academy-to-teach-the-longevity-protocol-the-wealthy-pay-millions-for/,429,LIVE (bot-blocked to scripts)
The News Leader,newsleader.com,USA TODAY Network,https://www.newsleader.com/press-release/story/94792/eteacher-group-launches-longevity-life-academy-to-teach-the-longevity-protocol-the-wealthy-pay-millions-for/,429,LIVE (bot-blocked to scripts)
The News-Messenger,thenews-messenger.com,USA TODAY Network,https://www.thenews-messenger.com/press-release/story/94117/eteacher-group-launches-longevity-life-academy-to-teach-the-longevity-protocol-the-wealthy-pay-millions-for/,429,LIVE (bot-blocked to scripts)
The News-Press,news-press.com,USA TODAY Network,https://www.news-press.com/press-release/story/95000/eteacher-group-launches-longevity-life-academy-to-teach-the-longevity-protocol-the-wealthy-pay-millions-for/,429,LIVE (bot-blocked to scripts)
The News-Star,thenewsstar.com,USA TODAY Network,https://www.thenewsstar.com/press-release/story/90444/eteacher-group-launches-longevity-life-academy-to-teach-the-longevity-protocol-the-wealthy-pay-millions-for/,429,LIVE (bot-blocked to scripts)
The Oak Ridger,oakridger.com,USA TODAY Network,https://www.oakridger.com/press-release/story/94949/eteacher-group-launches-longevity-life-academy-to-teach-the-longevity-protocol-the-wealthy-pay-millions-for/,429,LIVE (bot-blocked to scripts)
The Oklahoman,oklahoman.com,USA TODAY Network,https://www.oklahoman.com/press-release/story/203932/eteacher-group-launches-longevity-life-academy-to-teach-the-longevity-protocol-the-wealthy-pay-millions-for/,429,LIVE (bot-blocked to scripts)
The Palm Beach Post,palmbeachpost.com,USA TODAY Network,https://www.palmbeachpost.com/press-release/story/211713/eteacher-group-launches-longevity-life-academy-to-teach-the-longevity-protocol-the-wealthy-pay-millions-for/,429,LIVE (bot-blocked to scripts)
The Patriot Ledger,patriotledger.com,USA TODAY Network,https://www.patriotledger.com/press-release/story/91546/eteacher-group-launches-longevity-life-academy-to-teach-the-longevity-protocol-the-wealthy-pay-millions-for/,429,LIVE (bot-blocked to scripts)
The Post South,postsouth.com,USA TODAY Network,https://www.postsouth.com/press-release/story/94017/eteacher-group-launches-longevity-life-academy-to-teach-the-longevity-protocol-the-wealthy-pay-millions-for/,429,LIVE (bot-blocked to scripts)
The Post-Crescent,postcrescent.com,USA TODAY Network,https://www.postcrescent.com/press-release/story/90594/eteacher-group-launches-longevity-life-academy-to-teach-the-longevity-protocol-the-wealthy-pay-millions-for/,429,LIVE (bot-blocked to scripts)
The Providence Journal,providencejournal.com,USA TODAY Network,https://www.providencejournal.com/press-release/story/94158/eteacher-group-launches-longevity-life-academy-to-teach-the-longevity-protocol-the-wealthy-pay-millions-for/,200,LIVE
The Pueblo Chieftain,chieftain.com,USA TODAY Network,https://www.chieftain.com/press-release/story/151560/eteacher-group-launches-longevity-life-academy-to-teach-the-longevity-protocol-the-wealthy-pay-millions-for/,429,LIVE (bot-blocked to scripts)
The Record,recordnet.com,USA TODAY Network,https://www.recordnet.com/press-release/story/93979/eteacher-group-launches-longevity-life-academy-to-teach-the-longevity-protocol-the-wealthy-pay-millions-for/,429,LIVE (bot-blocked to scripts)
The Register-Guard,registerguard.com,USA TODAY Network,https://www.registerguard.com/press-release/story/94228/eteacher-group-launches-longevity-life-academy-to-teach-the-longevity-protocol-the-wealthy-pay-millions-for/,429,LIVE (bot-blocked to scripts)
The Register-Mail,galesburg.com,USA TODAY Network,https://www.galesburg.com/press-release/story/114593/eteacher-group-launches-longevity-life-academy-to-teach-the-longevity-protocol-the-wealthy-pay-millions-for/,429,LIVE (bot-blocked to scripts)
The Reporter,fdlreporter.com,USA TODAY Network,https://www.fdlreporter.com/press-release/story/146141/eteacher-group-launches-longevity-life-academy-to-teach-the-longevity-protocol-the-wealthy-pay-millions-for/,429,LIVE (bot-blocked to scripts)
The Repository,cantonrep.com,USA TODAY Network,https://www.cantonrep.com/press-release/story/161699/eteacher-group-launches-longevity-life-academy-to-teach-the-longevity-protocol-the-wealthy-pay-millions-for/,429,LIVE (bot-blocked to scripts)
The Sault News,sooeveningnews.com,USA TODAY Network,https://www.sooeveningnews.com/press-release/story/94207/eteacher-group-launches-longevity-life-academy-to-teach-the-longevity-protocol-the-wealthy-pay-millions-for/,429,LIVE (bot-blocked to scripts)
The Sentinel-Standard,sentinel-standard.com,USA TODAY Network,https://www.sentinel-standard.com/press-release/story/93592/eteacher-group-launches-longevity-life-academy-to-teach-the-longevity-protocol-the-wealthy-pay-millions-for/,429,LIVE (bot-blocked to scripts)
The Sheboygan Press,sheboyganpress.com,USA TODAY Network,https://www.sheboyganpress.com/press-release/story/94146/eteacher-group-launches-longevity-life-academy-to-teach-the-longevity-protocol-the-wealthy-pay-millions-for/,200,LIVE
The Shelby Star,shelbystar.com,USA TODAY Network,https://www.shelbystar.com/press-release/story/93966/eteacher-group-launches-longevity-life-academy-to-teach-the-longevity-protocol-the-wealthy-pay-millions-for/,429,LIVE (bot-blocked to scripts)
The Shreveport Times,shreveporttimes.com,USA TODAY Network,https://www.shreveporttimes.com/press-release/story/94256/eteacher-group-launches-longevity-life-academy-to-teach-the-longevity-protocol-the-wealthy-pay-millions-for/,429,LIVE (bot-blocked to scripts)
The Spectrum,thespectrum.com,USA TODAY Network,https://www.thespectrum.com/press-release/story/93875/eteacher-group-launches-longevity-life-academy-to-teach-the-longevity-protocol-the-wealthy-pay-millions-for/,429,LIVE (bot-blocked to scripts)
The Standard-Times,southcoasttoday.com,USA TODAY Network,https://www.southcoasttoday.com/press-release/story/93771/eteacher-group-launches-longevity-life-academy-to-teach-the-longevity-protocol-the-wealthy-pay-millions-for/,429,LIVE (bot-blocked to scripts)
The Star Press,thestarpress.com,USA TODAY Network,https://www.thestarpress.com/press-release/story/94247/eteacher-group-launches-longevity-life-academy-to-teach-the-longevity-protocol-the-wealthy-pay-millions-for/,429,LIVE (bot-blocked to scripts)
The State Journal-Register,sj-r.com,USA TODAY Network,https://www.sj-r.com/press-release/story/94146/eteacher-group-launches-longevity-life-academy-to-teach-the-longevity-protocol-the-wealthy-pay-millions-for/,200,LIVE
The Tennessean,tennessean.com,USA TODAY Network,https://www.tennessean.com/press-release/story/209293/eteacher-group-launches-longevity-life-academy-to-teach-the-longevity-protocol-the-wealthy-pay-millions-for/,429,LIVE (bot-blocked to scripts)
The Times Herald,thetimesherald.com,USA TODAY Network,https://www.thetimesherald.com/press-release/story/94783/eteacher-group-launches-longevity-life-academy-to-teach-the-longevity-protocol-the-wealthy-pay-millions-for/,429,LIVE (bot-blocked to scripts)
The Times-Reporter,timesreporter.com,USA TODAY Network,https://www.timesreporter.com/press-release/story/94217/eteacher-group-launches-longevity-life-academy-to-teach-the-longevity-protocol-the-wealthy-pay-millions-for/,429,LIVE (bot-blocked to scripts)
The Topeka Capital-Journal,cjonline.com,USA TODAY Network,https://www.cjonline.com/press-release/story/89042/eteacher-group-launches-longevity-life-academy-to-teach-the-longevity-protocol-the-wealthy-pay-millions-for/,429,LIVE (bot-blocked to scripts)
The Town Talk,thetowntalk.com,USA TODAY Network,https://www.thetowntalk.com/press-release/story/94801/eteacher-group-launches-longevity-life-academy-to-teach-the-longevity-protocol-the-wealthy-pay-millions-for/,429,LIVE (bot-blocked to scripts)
The Tuscaloosa News,tuscaloosanews.com,USA TODAY Network,https://www.tuscaloosanews.com/press-release/story/91000/eteacher-group-launches-longevity-life-academy-to-teach-the-longevity-protocol-the-wealthy-pay-millions-for/,429,LIVE (bot-blocked to scripts)
The York Dispatch,yorkdispatch.com,USA TODAY Network,https://www.yorkdispatch.com/press-release/story/93755/eteacher-group-launches-longevity-life-academy-to-teach-the-longevity-protocol-the-wealthy-pay-millions-for/,429,LIVE (bot-blocked to scripts)
Times Herald-Record,recordonline.com,USA TODAY Network,https://www.recordonline.com/press-release/story/93977/eteacher-group-launches-longevity-life-academy-to-teach-the-longevity-protocol-the-wealthy-pay-millions-for/,200,LIVE
Times News,tmnews.com,USA TODAY Network,https://www.tmnews.com/press-release/story/95082/eteacher-group-launches-longevity-life-academy-to-teach-the-longevity-protocol-the-wealthy-pay-millions-for/,429,LIVE (bot-blocked to scripts)
Times Record News,timesrecordnews.com,USA TODAY Network,https://www.timesrecordnews.com/press-release/story/93631/eteacher-group-launches-longevity-life-academy-to-teach-the-longevity-protocol-the-wealthy-pay-millions-for/,429,LIVE (bot-blocked to scripts)
Times Recorder,zanesvilletimesrecorder.com,USA TODAY Network,https://www.zanesvilletimesrecorder.com/press-release/story/93962/eteacher-group-launches-longevity-life-academy-to-teach-the-longevity-protocol-the-wealthy-pay-millions-for/,429,LIVE (bot-blocked to scripts)
Times Telegram,timestelegram.com,USA TODAY Network,https://www.timestelegram.com/press-release/story/94172/eteacher-group-launches-longevity-life-academy-to-teach-the-longevity-protocol-the-wealthy-pay-millions-for/,429,LIVE (bot-blocked to scripts)
Times-Gazette,times-gazette.com,USA TODAY Network,https://www.times-gazette.com/press-release/story/90964/eteacher-group-launches-longevity-life-academy-to-teach-the-longevity-protocol-the-wealthy-pay-millions-for/,429,LIVE (bot-blocked to scripts)
Tri-County Independent,tricountyindependent.com,USA TODAY Network,https://www.tricountyindependent.com/press-release/story/93834/eteacher-group-launches-longevity-life-academy-to-teach-the-longevity-protocol-the-wealthy-pay-millions-for/,200,LIVE
Utica Observer-Dispatch,uticaod.com,USA TODAY Network,https://www.uticaod.com/press-release/story/93807/eteacher-group-launches-longevity-life-academy-to-teach-the-longevity-protocol-the-wealthy-pay-millions-for/,429,LIVE (bot-blocked to scripts)
Ventura County Star,vcstar.com,USA TODAY Network,https://www.vcstar.com/press-release/story/93725/eteacher-group-launches-longevity-life-academy-to-teach-the-longevity-protocol-the-wealthy-pay-millions-for/,429,LIVE (bot-blocked to scripts)
Victorville Daily Press,vvdailypress.com,USA TODAY Network,https://www.vvdailypress.com/press-release/story/94338/eteacher-group-launches-longevity-life-academy-to-teach-the-longevity-protocol-the-wealthy-pay-millions-for/,429,LIVE (bot-blocked to scripts)
Visalia Times-Delta,visaliatimesdelta.com,USA TODAY Network,https://www.visaliatimesdelta.com/press-release/story/93943/eteacher-group-launches-longevity-life-academy-to-teach-the-longevity-protocol-the-wealthy-pay-millions-for/,429,LIVE (bot-blocked to scripts)
Wausau Daily Herald,wausaudailyherald.com,USA TODAY Network,https://www.wausaudailyherald.com/press-release/story/94952/eteacher-group-launches-longevity-life-academy-to-teach-the-longevity-protocol-the-wealthy-pay-millions-for/,429,LIVE (bot-blocked to scripts)
Weekly Citizen,weeklycitizen.com,USA TODAY Network,https://www.weeklycitizen.com/press-release/story/90767/eteacher-group-launches-longevity-life-academy-to-teach-the-longevity-protocol-the-wealthy-pay-millions-for/,200,LIVE
Wicked Local,wickedlocal.com,USA TODAY Network,https://www.wickedlocal.com/press-release/story/139479/eteacher-group-launches-longevity-life-academy-to-teach-the-longevity-protocol-the-wealthy-pay-millions-for/,429,LIVE (bot-blocked to scripts)
Wisconsin State Farmer,wisfarmer.com,USA TODAY Network,https://www.wisfarmer.com/press-release/story/94200/eteacher-group-launches-longevity-life-academy-to-teach-the-longevity-protocol-the-wealthy-pay-millions-for/,429,LIVE (bot-blocked to scripts)
Worcester Magazine,worcestermag.com,USA TODAY Network,https://www.worcestermag.com/press-release/story/94349/eteacher-group-launches-longevity-life-academy-to-teach-the-longevity-protocol-the-wealthy-pay-millions-for/,429,LIVE (bot-blocked to scripts)
York Daily Record,ydr.com,USA TODAY Network,https://www.ydr.com/press-release/story/90756/eteacher-group-launches-longevity-life-academy-to-teach-the-longevity-protocol-the-wealthy-pay-millions-for/,429,LIVE (bot-blocked to scripts)
2822news,2822news.com,Nexstar TV affiliate,https://www.2822news.com/business/press-releases/ein-presswire/927643721/eteacher-group-launches-longevity-life-academy-to-teach-the-longevity-protocol-the-wealthy-pay-millions-for,403,LIVE (bot-blocked to scripts)
Abc4,abc4.com,Nexstar TV affiliate,https://www.abc4.com/business/press-releases/ein-presswire/927643721/eteacher-group-launches-longevity-life-academy-to-teach-the-longevity-protocol-the-wealthy-pay-millions-for,403,LIVE (bot-blocked to scripts)
Bigcountryhomepage,bigcountryhomepage.com,Nexstar TV affiliate,https://www.bigcountryhomepage.com/business/press-releases/ein-presswire/927643721/eteacher-group-launches-longevity-life-academy-to-teach-the-longevity-protocol-the-wealthy-pay-millions-for,403,LIVE (bot-blocked to scripts)
Binghamtonhomepage,binghamtonhomepage.com,Nexstar TV affiliate,https://www.binghamtonhomepage.com/business/press-releases/ein-presswire/927643721/eteacher-group-launches-longevity-life-academy-to-teach-the-longevity-protocol-the-wealthy-pay-millions-for,403,LIVE (bot-blocked to scripts)
Cenlanow,cenlanow.com,Nexstar TV affiliate,https://www.cenlanow.com/business/press-releases/ein-presswire/927643721/eteacher-group-launches-longevity-life-academy-to-teach-the-longevity-protocol-the-wealthy-pay-millions-for,403,LIVE (bot-blocked to scripts)
Centralillinoisproud,centralillinoisproud.com,Nexstar TV affiliate,https://www.centralillinoisproud.com/business/press-releases/ein-presswire/927643721/eteacher-group-launches-longevity-life-academy-to-teach-the-longevity-protocol-the-wealthy-pay-millions-for,403,LIVE (bot-blocked to scripts)
Cnyhomepage,cnyhomepage.com,Nexstar TV affiliate,https://www.cnyhomepage.com/business/press-releases/ein-presswire/927643721/eteacher-group-launches-longevity-life-academy-to-teach-the-longevity-protocol-the-wealthy-pay-millions-for,403,LIVE (bot-blocked to scripts)
Conchovalleyhomepage,conchovalleyhomepage.com,Nexstar TV affiliate,https://www.conchovalleyhomepage.com/business/press-releases/ein-presswire/927643721/eteacher-group-launches-longevity-life-academy-to-teach-the-longevity-protocol-the-wealthy-pay-millions-for,403,LIVE (bot-blocked to scripts)
Everythinglubbock,everythinglubbock.com,Nexstar TV affiliate,https://www.everythinglubbock.com/business/press-releases/ein-presswire/927643721/eteacher-group-launches-longevity-life-academy-to-teach-the-longevity-protocol-the-wealthy-pay-millions-for,403,LIVE (bot-blocked to scripts)
Fourstateshomepage,fourstateshomepage.com,Nexstar TV affiliate,https://www.fourstateshomepage.com/business/press-releases/ein-presswire/927643721/eteacher-group-launches-longevity-life-academy-to-teach-the-longevity-protocol-the-wealthy-pay-millions-for,403,LIVE (bot-blocked to scripts)
Fox21news,fox21news.com,Nexstar TV affiliate,https://www.fox21news.com/business/press-releases/ein-presswire/927643721/eteacher-group-launches-longevity-life-academy-to-teach-the-longevity-protocol-the-wealthy-pay-millions-for,403,LIVE (bot-blocked to scripts)
Fox44news,fox44news.com,Nexstar TV affiliate,https://www.fox44news.com/business/press-releases/ein-presswire/927643721/eteacher-group-launches-longevity-life-academy-to-teach-the-longevity-protocol-the-wealthy-pay-millions-for,403,LIVE (bot-blocked to scripts)
Fox56news,fox56news.com,Nexstar TV affiliate,https://fox56news.com/business/press-releases/ein-presswire/927643721/eteacher-group-launches-longevity-life-academy-to-teach-the-longevity-protocol-the-wealthy-pay-millions-for,403,LIVE (bot-blocked to scripts)
Fox59,fox59.com,Nexstar TV affiliate,https://fox59.com/business/press-releases/ein-presswire/927643721/eteacher-group-launches-longevity-life-academy-to-teach-the-longevity-protocol-the-wealthy-pay-millions-for,403,LIVE (bot-blocked to scripts)
Informnny,informnny.com,Nexstar TV affiliate,https://www.informnny.com/business/press-releases/ein-presswire/927643721/eteacher-group-launches-longevity-life-academy-to-teach-the-longevity-protocol-the-wealthy-pay-millions-for,403,LIVE (bot-blocked to scripts)
KDAF CW 33 · Dallas,cw33.com,Nexstar TV affiliate,https://cw33.com/business/press-releases/ein-presswire/927643721/eteacher-group-launches-longevity-life-academy-to-teach-the-longevity-protocol-the-wealthy-pay-millions-for,403,LIVE (bot-blocked to scripts)
KDVR FOX 31 · Denver,kdvr.com,Nexstar TV affiliate,https://kdvr.com/business/press-releases/ein-presswire/927643721/eteacher-group-launches-longevity-life-academy-to-teach-the-longevity-protocol-the-wealthy-pay-millions-for,403,LIVE (bot-blocked to scripts)
KELO CBS 11 · Sioux Falls,keloland.com,Nexstar TV affiliate,https://www.keloland.com/business/press-releases/ein-presswire/927643721/eteacher-group-launches-longevity-life-academy-to-teach-the-longevity-protocol-the-wealthy-pay-millions-for,403,LIVE (bot-blocked to scripts)
KFOR NBC 4 · Oklahoma City,kfor.com,Nexstar TV affiliate,https://kfor.com/business/press-releases/ein-presswire/927643721/eteacher-group-launches-longevity-life-academy-to-teach-the-longevity-protocol-the-wealthy-pay-millions-for,403,LIVE (bot-blocked to scripts)
KHON2 · Honolulu,khon2.com,Nexstar TV affiliate,https://www.khon2.com/business/press-releases/ein-presswire/927643721/eteacher-group-launches-longevity-life-academy-to-teach-the-longevity-protocol-the-wealthy-pay-millions-for,403,LIVE (bot-blocked to scripts)
KIAH CW 39 · Houston,cw39.com,Nexstar TV affiliate,https://cw39.com/business/press-releases/ein-presswire/927643721/eteacher-group-launches-longevity-life-academy-to-teach-the-longevity-protocol-the-wealthy-pay-millions-for,403,LIVE (bot-blocked to scripts)
KLFY CBS 10 · Lafayette,klfy.com,Nexstar TV affiliate,https://www.klfy.com/business/press-releases/ein-presswire/927643721/eteacher-group-launches-longevity-life-academy-to-teach-the-longevity-protocol-the-wealthy-pay-millions-for,403,LIVE (bot-blocked to scripts)
KLRT FOX 16 · Little Rock,fox16.com,Nexstar TV affiliate,https://www.fox16.com/business/press-releases/ein-presswire/927643721/eteacher-group-launches-longevity-life-academy-to-teach-the-longevity-protocol-the-wealthy-pay-millions-for,403,LIVE (bot-blocked to scripts)
KOIN CBS 6 · Portland,koin.com,Nexstar TV affiliate,https://www.koin.com/business/press-releases/ein-presswire/927643721/eteacher-group-launches-longevity-life-academy-to-teach-the-longevity-protocol-the-wealthy-pay-millions-for,403,LIVE (bot-blocked to scripts)
KRON 4 · San Francisco,kron4.com,Nexstar TV affiliate,https://www.kron4.com/business/press-releases/ein-presswire/927643721/eteacher-group-launches-longevity-life-academy-to-teach-the-longevity-protocol-the-wealthy-pay-millions-for,403,LIVE (bot-blocked to scripts)
KRQE CBS 13 · Albuquerque,krqe.com,Nexstar TV affiliate,https://www.krqe.com/business/press-releases/ein-presswire/927643721/eteacher-group-launches-longevity-life-academy-to-teach-the-longevity-protocol-the-wealthy-pay-millions-for,403,LIVE (bot-blocked to scripts)
KTSM NBC 9 · El Paso,ktsm.com,Nexstar TV affiliate,https://www.ktsm.com/business/press-releases/ein-presswire/927643721/eteacher-group-launches-longevity-life-academy-to-teach-the-longevity-protocol-the-wealthy-pay-millions-for,403,LIVE (bot-blocked to scripts)
KTVI FOX 2 · St. Louis,fox2now.com,Nexstar TV affiliate,https://fox2now.com/business/press-releases/ein-presswire/927643721/eteacher-group-launches-longevity-life-academy-to-teach-the-longevity-protocol-the-wealthy-pay-millions-for,403,LIVE (bot-blocked to scripts)
KTXL FOX 40 · Sacramento,fox40.com,Nexstar TV affiliate,https://fox40.com/business/press-releases/ein-presswire/927643721/eteacher-group-launches-longevity-life-academy-to-teach-the-longevity-protocol-the-wealthy-pay-millions-for,403,LIVE (bot-blocked to scripts)
KXAN NBC 36 · Austin,kxan.com,Nexstar TV affiliate,https://www.kxan.com/business/press-releases/ein-presswire/927643721/eteacher-group-launches-longevity-life-academy-to-teach-the-longevity-protocol-the-wealthy-pay-millions-for,403,LIVE (bot-blocked to scripts)
Kark,kark.com,Nexstar TV affiliate,https://www.kark.com/business/press-releases/ein-presswire/927643721/eteacher-group-launches-longevity-life-academy-to-teach-the-longevity-protocol-the-wealthy-pay-millions-for,403,LIVE (bot-blocked to scripts)
Kcau9,kcau9.com,Nexstar TV affiliate,https://www.kcau9.com/business/press-releases/ein-presswire/927643721/eteacher-group-launches-longevity-life-academy-to-teach-the-longevity-protocol-the-wealthy-pay-millions-for,403,LIVE (bot-blocked to scripts)
Ketk,ketk.com,Nexstar TV affiliate,https://www.ketk.com/business/press-releases/ein-presswire/927643721/eteacher-group-launches-longevity-life-academy-to-teach-the-longevity-protocol-the-wealthy-pay-millions-for,403,LIVE (bot-blocked to scripts)
Kget,kget.com,Nexstar TV affiliate,https://www.kget.com/business/press-releases/ein-presswire/927643721/eteacher-group-launches-longevity-life-academy-to-teach-the-longevity-protocol-the-wealthy-pay-millions-for,403,LIVE (bot-blocked to scripts)
Ksn,ksn.com,Nexstar TV affiliate,https://www.ksn.com/business/press-releases/ein-presswire/927643721/eteacher-group-launches-longevity-life-academy-to-teach-the-longevity-protocol-the-wealthy-pay-millions-for,403,LIVE (bot-blocked to scripts)
Ksnt,ksnt.com,Nexstar TV affiliate,https://www.ksnt.com/business/press-releases/ein-presswire/927643721/eteacher-group-launches-longevity-life-academy-to-teach-the-longevity-protocol-the-wealthy-pay-millions-for,403,LIVE (bot-blocked to scripts)
Ktalnews,ktalnews.com,Nexstar TV affiliate,https://www.ktalnews.com/business/press-releases/ein-presswire/927643721/eteacher-group-launches-longevity-life-academy-to-teach-the-longevity-protocol-the-wealthy-pay-millions-for,403,LIVE (bot-blocked to scripts)
Louisianafirstnews,louisianafirstnews.com,Nexstar TV affiliate,https://www.louisianafirstnews.com/business/press-releases/ein-presswire/927643721/eteacher-group-launches-longevity-life-academy-to-teach-the-longevity-protocol-the-wealthy-pay-millions-for,403,LIVE (bot-blocked to scripts)
Mychamplainvalley,mychamplainvalley.com,Nexstar TV affiliate,https://www.mychamplainvalley.com/business/press-releases/ein-presswire/927643721/eteacher-group-launches-longevity-life-academy-to-teach-the-longevity-protocol-the-wealthy-pay-millions-for,403,LIVE (bot-blocked to scripts)
Myfox8,myfox8.com,Nexstar TV affiliate,https://myfox8.com/business/press-releases/ein-presswire/927643721/eteacher-group-launches-longevity-life-academy-to-teach-the-longevity-protocol-the-wealthy-pay-millions-for,403,LIVE (bot-blocked to scripts)
Myhighplains,myhighplains.com,Nexstar TV affiliate,https://www.myhighplains.com/business/press-releases/ein-presswire/927643721/eteacher-group-launches-longevity-life-academy-to-teach-the-longevity-protocol-the-wealthy-pay-millions-for,403,LIVE (bot-blocked to scripts)
Mypanhandle,mypanhandle.com,Nexstar TV affiliate,https://www.mypanhandle.com/business/press-releases/ein-presswire/927643721/eteacher-group-launches-longevity-life-academy-to-teach-the-longevity-protocol-the-wealthy-pay-millions-for,403,LIVE (bot-blocked to scripts)
Mystateline,mystateline.com,Nexstar TV affiliate,https://www.mystateline.com/business/press-releases/ein-presswire/927643721/eteacher-group-launches-longevity-life-academy-to-teach-the-longevity-protocol-the-wealthy-pay-millions-for,403,LIVE (bot-blocked to scripts)
Mytwintiers,mytwintiers.com,Nexstar TV affiliate,https://www.mytwintiers.com/business/press-releases/ein-presswire/927643721/eteacher-group-launches-longevity-life-academy-to-teach-the-longevity-protocol-the-wealthy-pay-millions-for,403,LIVE (bot-blocked to scripts)
News10,news10.com,Nexstar TV affiliate,https://www.news10.com/business/press-releases/ein-presswire/927643721/eteacher-group-launches-longevity-life-academy-to-teach-the-longevity-protocol-the-wealthy-pay-millions-for,403,LIVE (bot-blocked to scripts)
Nwahomepage,nwahomepage.com,Nexstar TV affiliate,https://www.nwahomepage.com/business/press-releases/ein-presswire/927643721/eteacher-group-launches-longevity-life-academy-to-teach-the-longevity-protocol-the-wealthy-pay-millions-for,403,LIVE (bot-blocked to scripts)
Ourquadcities,ourquadcities.com,Nexstar TV affiliate,https://www.ourquadcities.com/business/press-releases/ein-presswire/927643721/eteacher-group-launches-longevity-life-academy-to-teach-the-longevity-protocol-the-wealthy-pay-millions-for,403,LIVE (bot-blocked to scripts)
Ozarksfirst,ozarksfirst.com,Nexstar TV affiliate,https://www.ozarksfirst.com/business/press-releases/ein-presswire/927643721/eteacher-group-launches-longevity-life-academy-to-teach-the-longevity-protocol-the-wealthy-pay-millions-for,403,LIVE (bot-blocked to scripts)
Qcnews,qcnews.com,Nexstar TV affiliate,https://www.qcnews.com/business/press-releases/ein-presswire/927643721/eteacher-group-launches-longevity-life-academy-to-teach-the-longevity-protocol-the-wealthy-pay-millions-for,403,LIVE (bot-blocked to scripts)
Rochesterfirst,rochesterfirst.com,Nexstar TV affiliate,https://www.rochesterfirst.com/business/press-releases/ein-presswire/927643721/eteacher-group-launches-longevity-life-academy-to-teach-the-longevity-protocol-the-wealthy-pay-millions-for,403,LIVE (bot-blocked to scripts)
Texomashomepage,texomashomepage.com,Nexstar TV affiliate,https://www.texomashomepage.com/business/press-releases/ein-presswire/927643721/eteacher-group-launches-longevity-life-academy-to-teach-the-longevity-protocol-the-wealthy-pay-millions-for,403,LIVE (bot-blocked to scripts)
Tristatehomepage,tristatehomepage.com,Nexstar TV affiliate,https://www.tristatehomepage.com/business/press-releases/ein-presswire/927643721/eteacher-group-launches-longevity-life-academy-to-teach-the-longevity-protocol-the-wealthy-pay-millions-for,403,LIVE (bot-blocked to scripts)
Valleycentral,valleycentral.com,Nexstar TV affiliate,https://www.valleycentral.com/business/press-releases/ein-presswire/927643721/eteacher-group-launches-longevity-life-academy-to-teach-the-longevity-protocol-the-wealthy-pay-millions-for,403,LIVE (bot-blocked to scripts)
WANE CBS 15 · Fort Wayne,wane.com,Nexstar TV affiliate,https://www.wane.com/business/press-releases/ein-presswire/927643721/eteacher-group-launches-longevity-life-academy-to-teach-the-longevity-protocol-the-wealthy-pay-millions-for,403,LIVE (bot-blocked to scripts)
WATE ABC 6 · Knoxville,wate.com,Nexstar TV affiliate,https://www.wate.com/business/press-releases/ein-presswire/927643721/eteacher-group-launches-longevity-life-academy-to-teach-the-longevity-protocol-the-wealthy-pay-millions-for,403,LIVE (bot-blocked to scripts)
WAVY NBC 10 · Norfolk,wavy.com,Nexstar TV affiliate,https://www.wavy.com/business/press-releases/ein-presswire/927643721/eteacher-group-launches-longevity-life-academy-to-teach-the-longevity-protocol-the-wealthy-pay-millions-for,403,LIVE (bot-blocked to scripts)
WBTW CBS 13 · Myrtle Beach,wbtw.com,Nexstar TV affiliate,https://www.wbtw.com/business/press-releases/ein-presswire/927643721/eteacher-group-launches-longevity-life-academy-to-teach-the-longevity-protocol-the-wealthy-pay-millions-for,403,LIVE (bot-blocked to scripts)
WCBD NBC 2 · Charleston,counton2.com,Nexstar TV affiliate,https://www.counton2.com/business/press-releases/ein-presswire/927643721/eteacher-group-launches-longevity-life-academy-to-teach-the-longevity-protocol-the-wealthy-pay-millions-for,403,LIVE (bot-blocked to scripts)
WCIA CBS 3 · Champaign,wcia.com,Nexstar TV affiliate,https://www.wcia.com/business/press-releases/ein-presswire/927643721/eteacher-group-launches-longevity-life-academy-to-teach-the-longevity-protocol-the-wealthy-pay-millions-for,403,LIVE (bot-blocked to scripts)
WCMH NBC 4 · Columbus,nbc4i.com,Nexstar TV affiliate,https://www.nbc4i.com/business/press-releases/ein-presswire/927643721/eteacher-group-launches-longevity-life-academy-to-teach-the-longevity-protocol-the-wealthy-pay-millions-for,403,LIVE (bot-blocked to scripts)
WDAF FOX 4 · Kansas City,fox4kc.com,Nexstar TV affiliate,https://fox4kc.com/business/press-releases/ein-presswire/927643721/eteacher-group-launches-longevity-life-academy-to-teach-the-longevity-protocol-the-wealthy-pay-millions-for,403,LIVE (bot-blocked to scripts)
WDHN ABC 18 · Dothan,wdhn.com,Nexstar TV affiliate,https://www.wdhn.com/business/press-releases/ein-presswire/927643721/eteacher-group-launches-longevity-life-academy-to-teach-the-longevity-protocol-the-wealthy-pay-millions-for,403,LIVE (bot-blocked to scripts)
WDVM 25 · Washington D.C.,dcnewsnow.com,Nexstar TV affiliate,https://www.dcnewsnow.com/business/press-releases/ein-presswire/927643721/eteacher-group-launches-longevity-life-academy-to-teach-the-longevity-protocol-the-wealthy-pay-millions-for,403,LIVE (bot-blocked to scripts)
WFLA NBC 8 · Tampa,wfla.com,Nexstar TV affiliate,https://www.wfla.com/business/press-releases/ein-presswire/927643721/eteacher-group-launches-longevity-life-academy-to-teach-the-longevity-protocol-the-wealthy-pay-millions-for,403,LIVE (bot-blocked to scripts)
WGN 9 · Chicago,wgntv.com,Nexstar TV affiliate,https://wgntv.com/business/press-releases/ein-presswire/927643721/eteacher-group-launches-longevity-life-academy-to-teach-the-longevity-protocol-the-wealthy-pay-millions-for,403,LIVE (bot-blocked to scripts)
WGNO ABC 26 · New Orleans,wgno.com,Nexstar TV affiliate,https://wgno.com/business/press-releases/ein-presswire/927643721/eteacher-group-launches-longevity-life-academy-to-teach-the-longevity-protocol-the-wealthy-pay-millions-for,403,LIVE (bot-blocked to scripts)
WHNT CBS 19 · Huntsville,whnt.com,Nexstar TV affiliate,https://whnt.com/business/press-releases/ein-presswire/927643721/eteacher-group-launches-longevity-life-academy-to-teach-the-longevity-protocol-the-wealthy-pay-millions-for,403,LIVE (bot-blocked to scripts)
WHO 13 · Des Moines,who13.com,Nexstar TV affiliate,https://who13.com/business/press-releases/ein-presswire/927643721/eteacher-group-launches-longevity-life-academy-to-teach-the-longevity-protocol-the-wealthy-pay-millions-for,403,LIVE (bot-blocked to scripts)
WHTM ABC 27 · Harrisburg,abc27.com,Nexstar TV affiliate,https://www.abc27.com/business/press-releases/ein-presswire/927643721/eteacher-group-launches-longevity-life-academy-to-teach-the-longevity-protocol-the-wealthy-pay-millions-for,403,LIVE (bot-blocked to scripts)
WIAT CBS 42 · Birmingham,cbs42.com,Nexstar TV affiliate,https://www.cbs42.com/business/press-releases/ein-presswire/927643721/eteacher-group-launches-longevity-life-academy-to-teach-the-longevity-protocol-the-wealthy-pay-millions-for,403,LIVE (bot-blocked to scripts)
WJTV CBS 12 · Jackson,wjtv.com,Nexstar TV affiliate,https://www.wjtv.com/business/press-releases/ein-presswire/927643721/eteacher-group-launches-longevity-life-academy-to-teach-the-longevity-protocol-the-wealthy-pay-millions-for,403,LIVE (bot-blocked to scripts)
WJW FOX 8 · Cleveland,fox8.com,Nexstar TV affiliate,https://fox8.com/business/press-releases/ein-presswire/927643721/eteacher-group-launches-longevity-life-academy-to-teach-the-longevity-protocol-the-wealthy-pay-millions-for,403,LIVE (bot-blocked to scripts)
WOOD NBC 8 · Grand Rapids,woodtv.com,Nexstar TV affiliate,https://www.woodtv.com/business/press-releases/ein-presswire/927643721/eteacher-group-launches-longevity-life-academy-to-teach-the-longevity-protocol-the-wealthy-pay-millions-for,403,LIVE (bot-blocked to scripts)
WOWK CBS 13 · Charleston,wowktv.com,Nexstar TV affiliate,https://www.wowktv.com/business/press-releases/ein-presswire/927643721/eteacher-group-launches-longevity-life-academy-to-teach-the-longevity-protocol-the-wealthy-pay-millions-for,403,LIVE (bot-blocked to scripts)
WPHL 17 · Philadelphia,phl17.com,Nexstar TV affiliate,https://phl17.com/business/press-releases/ein-presswire/927643721/eteacher-group-launches-longevity-life-academy-to-teach-the-longevity-protocol-the-wealthy-pay-millions-for,403,LIVE (bot-blocked to scripts)
WREG CBS 3 · Memphis,wreg.com,Nexstar TV affiliate,https://wreg.com/business/press-releases/ein-presswire/927643721/eteacher-group-launches-longevity-life-academy-to-teach-the-longevity-protocol-the-wealthy-pay-millions-for,403,LIVE (bot-blocked to scripts)
WRIC ABC 8 · Richmond,wric.com,Nexstar TV affiliate,https://www.wric.com/business/press-releases/ein-presswire/927643721/eteacher-group-launches-longevity-life-academy-to-teach-the-longevity-protocol-the-wealthy-pay-millions-for,403,LIVE (bot-blocked to scripts)
WSAV NBC 3 · Savannah,wsav.com,Nexstar TV affiliate,https://www.wsav.com/business/press-releases/ein-presswire/927643721/eteacher-group-launches-longevity-life-academy-to-teach-the-longevity-protocol-the-wealthy-pay-millions-for,403,LIVE (bot-blocked to scripts)
WSYR ABC 9 · Syracuse,localsyr.com,Nexstar TV affiliate,https://www.localsyr.com/business/press-releases/ein-presswire/927643721/eteacher-group-launches-longevity-life-academy-to-teach-the-longevity-protocol-the-wealthy-pay-millions-for,403,LIVE (bot-blocked to scripts)
WTNH ABC 8 · New Haven,wtnh.com,Nexstar TV affiliate,https://www.wtnh.com/business/press-releases/ein-presswire/927643721/eteacher-group-launches-longevity-life-academy-to-teach-the-longevity-protocol-the-wealthy-pay-millions-for,403,LIVE (bot-blocked to scripts)
Wboy,wboy.com,Nexstar TV affiliate,https://www.wboy.com/business/press-releases/ein-presswire/927643721/eteacher-group-launches-longevity-life-academy-to-teach-the-longevity-protocol-the-wealthy-pay-millions-for,403,LIVE (bot-blocked to scripts)
Wdtn,wdtn.com,Nexstar TV affiliate,https://www.wdtn.com/business/press-releases/ein-presswire/927643721/eteacher-group-launches-longevity-life-academy-to-teach-the-longevity-protocol-the-wealthy-pay-millions-for,403,LIVE (bot-blocked to scripts)
Wearegreenbay,wearegreenbay.com,Nexstar TV affiliate,https://www.wearegreenbay.com/business/press-releases/ein-presswire/927643721/eteacher-group-launches-longevity-life-academy-to-teach-the-longevity-protocol-the-wealthy-pay-millions-for,403,LIVE (bot-blocked to scripts)
Westernslopenow,westernslopenow.com,Nexstar TV affiliate,https://www.westernslopenow.com/business/press-releases/ein-presswire/927643721/eteacher-group-launches-longevity-life-academy-to-teach-the-longevity-protocol-the-wealthy-pay-millions-for,403,LIVE (bot-blocked to scripts)
Wfxrtv,wfxrtv.com,Nexstar TV affiliate,https://www.wfxrtv.com/business/press-releases/ein-presswire/927643721/eteacher-group-launches-longevity-life-academy-to-teach-the-longevity-protocol-the-wealthy-pay-millions-for,403,LIVE (bot-blocked to scripts)
Wiproud,wiproud.com,Nexstar TV affiliate,https://www.wiproud.com/business/press-releases/ein-presswire/927643721/eteacher-group-launches-longevity-life-academy-to-teach-the-longevity-protocol-the-wealthy-pay-millions-for,403,LIVE (bot-blocked to scripts)
Wivb,wivb.com,Nexstar TV affiliate,https://www.wivb.com/business/press-releases/ein-presswire/927643721/eteacher-group-launches-longevity-life-academy-to-teach-the-longevity-protocol-the-wealthy-pay-millions-for,403,LIVE (bot-blocked to scripts)
Wjbf,wjbf.com,Nexstar TV affiliate,https://www.wjbf.com/business/press-releases/ein-presswire/927643721/eteacher-group-launches-longevity-life-academy-to-teach-the-longevity-protocol-the-wealthy-pay-millions-for,403,LIVE (bot-blocked to scripts)
Wjhl,wjhl.com,Nexstar TV affiliate,https://www.wjhl.com/business/press-releases/ein-presswire/927643721/eteacher-group-launches-longevity-life-academy-to-teach-the-longevity-protocol-the-wealthy-pay-millions-for,403,LIVE (bot-blocked to scripts)
Wkbn,wkbn.com,Nexstar TV affiliate,https://www.wkbn.com/business/press-releases/ein-presswire/927643721/eteacher-group-launches-longevity-life-academy-to-teach-the-longevity-protocol-the-wealthy-pay-millions-for,403,LIVE (bot-blocked to scripts)
Wkrg,wkrg.com,Nexstar TV affiliate,https://www.wkrg.com/business/press-releases/ein-presswire/927643721/eteacher-group-launches-longevity-life-academy-to-teach-the-longevity-protocol-the-wealthy-pay-millions-for,403,LIVE (bot-blocked to scripts)
Wkrn,wkrn.com,Nexstar TV affiliate,https://www.wkrn.com/business/press-releases/ein-presswire/927643721/eteacher-group-launches-longevity-life-academy-to-teach-the-longevity-protocol-the-wealthy-pay-millions-for,403,LIVE (bot-blocked to scripts)
Wlns,wlns.com,Nexstar TV affiliate,https://www.wlns.com/business/press-releases/ein-presswire/927643721/eteacher-group-launches-longevity-life-academy-to-teach-the-longevity-protocol-the-wealthy-pay-millions-for,403,LIVE (bot-blocked to scripts)
Wrbl,wrbl.com,Nexstar TV affiliate,https://www.wrbl.com/business/press-releases/ein-presswire/927643721/eteacher-group-launches-longevity-life-academy-to-teach-the-longevity-protocol-the-wealthy-pay-millions-for,403,LIVE (bot-blocked to scripts)
Wtaj,wtaj.com,Nexstar TV affiliate,https://www.wtaj.com/business/press-releases/ein-presswire/927643721/eteacher-group-launches-longevity-life-academy-to-teach-the-longevity-protocol-the-wealthy-pay-millions-for,403,LIVE (bot-blocked to scripts)
Wvnstv,wvnstv.com,Nexstar TV affiliate,https://www.wvnstv.com/business/press-releases/ein-presswire/927643721/eteacher-group-launches-longevity-life-academy-to-teach-the-longevity-protocol-the-wealthy-pay-millions-for,403,LIVE (bot-blocked to scripts)
Wwlp,wwlp.com,Nexstar TV affiliate,https://www.wwlp.com/business/press-releases/ein-presswire/927643721/eteacher-group-launches-longevity-life-academy-to-teach-the-longevity-protocol-the-wealthy-pay-millions-for,403,LIVE (bot-blocked to scripts)
Wytv,wytv.com,Nexstar TV affiliate,https://www.wytv.com/business/press-releases/ein-presswire/927643721/eteacher-group-launches-longevity-life-academy-to-teach-the-longevity-protocol-the-wealthy-pay-millions-for,403,LIVE (bot-blocked to scripts)
Yourbasin,yourbasin.com,Nexstar TV affiliate,https://www.yourbasin.com/business/press-releases/ein-presswire/927643721/eteacher-group-launches-longevity-life-academy-to-teach-the-longevity-protocol-the-wealthy-pay-millions-for,403,LIVE (bot-blocked to scripts)
Yourcentralvalley,yourcentralvalley.com,Nexstar TV affiliate,https://www.yourcentralvalley.com/business/press-releases/ein-presswire/927643721/eteacher-group-launches-longevity-life-academy-to-teach-the-longevity-protocol-the-wealthy-pay-millions-for,403,LIVE (bot-blocked to scripts)
Yourerie,yourerie.com,Nexstar TV affiliate,https://www.yourerie.com/business/press-releases/ein-presswire/927643721/eteacher-group-launches-longevity-life-academy-to-teach-the-longevity-protocol-the-wealthy-pay-millions-for,403,LIVE (bot-blocked to scripts)
247businessreporter,247businessreporter.com,Vertical newswire,https://www.247businessreporter.com/article/927643721-eteacher-group-launches-longevity-life-academy-to-teach-the-longevity-protocol-the-wealthy-pay-millions-for,200,LIVE
50statestoday,50statestoday.com,Vertical newswire,https://www.50statestoday.com/article/927643721-eteacher-group-launches-longevity-life-academy-to-teach-the-longevity-protocol-the-wealthy-pay-millions-for,200,LIVE
Alternativemedicinetimes,alternativemedicinetimes.com,Vertical newswire,https://www.alternativemedicinetimes.com/article/927643721-eteacher-group-launches-longevity-life-academy-to-teach-the-longevity-protocol-the-wealthy-pay-millions-for,200,LIVE
Americanewsobserver,americanewsobserver.com,Vertical newswire,https://www.americanewsobserver.com/article/927643721-eteacher-group-launches-longevity-life-academy-to-teach-the-longevity-protocol-the-wealthy-pay-millions-for,200,LIVE
Americantimesreporter,americantimesreporter.com,Vertical newswire,https://www.americantimesreporter.com/article/927643721-eteacher-group-launches-longevity-life-academy-to-teach-the-longevity-protocol-the-wealthy-pay-millions-for,200,LIVE
Businessheraldonline,businessheraldonline.com,Vertical newswire,https://www.businessheraldonline.com/article/927643721-eteacher-group-launches-longevity-life-academy-to-teach-the-longevity-protocol-the-wealthy-pay-millions-for,200,LIVE
Businesspostexaminer,businesspostexaminer.com,Vertical newswire,https://www.businesspostexaminer.com/article/927643721-eteacher-group-launches-longevity-life-academy-to-teach-the-longevity-protocol-the-wealthy-pay-millions-for,200,LIVE
Businesstimesjournal,businesstimesjournal.com,Vertical newswire,https://www.businesstimesjournal.com/article/927643721-eteacher-group-launches-longevity-life-academy-to-teach-the-longevity-protocol-the-wealthy-pay-millions-for,200,LIVE
Bwn,bwn.aio.mybluehost.me,Vertical newswire,https://bwn.aio.mybluehost.me/story/228929/eteacher-group-launches-longevity-life-academy-to-teach-the-longevity-protocol-the-wealthy-pay-millions-for/,404,unverified
Coasttocoasttribune,coasttocoasttribune.com,Vertical newswire,https://www.coasttocoasttribune.com/article/927643721-eteacher-group-launches-longevity-life-academy-to-teach-the-longevity-protocol-the-wealthy-pay-millions-for,200,LIVE
Consumerproductsworld,consumerproductsworld.com,Vertical newswire,https://www.consumerproductsworld.com/article/927643721-eteacher-group-launches-longevity-life-academy-to-teach-the-longevity-protocol-the-wealthy-pay-millions-for,200,LIVE
Consumerworldreport,consumerworldreport.com,Vertical newswire,https://www.consumerworldreport.com/article/927643721-eteacher-group-launches-longevity-life-academy-to-teach-the-longevity-protocol-the-wealthy-pay-millions-for,200,LIVE
Courier-Post,courierpostonline.com,Vertical newswire,https://www.courierpostonline.com/2026/07/20/eteacher-group-launches-longevity-life-academy-to-teach-the-longevity-protocol-the-wealthy-pay-millions-for/,429,LIVE (bot-blocked to scripts)
Economicnewsobserver,economicnewsobserver.com,Vertical newswire,https://www.economicnewsobserver.com/article/927643721-eteacher-group-launches-longevity-life-academy-to-teach-the-longevity-protocol-the-wealthy-pay-millions-for,200,LIVE
Economicpolicytimes,economicpolicytimes.com,Vertical newswire,https://www.economicpolicytimes.com/article/927643721-eteacher-group-launches-longevity-life-academy-to-teach-the-longevity-protocol-the-wealthy-pay-millions-for,200,LIVE
Einpresswire,einpresswire.substack.com,Vertical newswire,https://einpresswire.substack.com/,200,LIVE
Entrepreneurshipreporter,entrepreneurshipreporter.com,Vertical newswire,https://www.entrepreneurshipreporter.com/article/927643721-eteacher-group-launches-longevity-life-academy-to-teach-the-longevity-protocol-the-wealthy-pay-millions-for,200,LIVE
Essentialhealthcarenews,essentialhealthcarenews.com,Vertical newswire,https://www.essentialhealthcarenews.com/article/927643721-eteacher-group-launches-longevity-life-academy-to-teach-the-longevity-protocol-the-wealthy-pay-millions-for,200,LIVE
Eyeballsandclicks,eyeballsandclicks.com,Vertical newswire,https://www.eyeballsandclicks.com/article/927643721-eteacher-group-launches-longevity-life-academy-to-teach-the-longevity-protocol-the-wealthy-pay-millions-for,200,LIVE
Florida Gazette,florida-gazette.com,Vertical newswire,https://www.florida-gazette.com/article/927643721-eteacher-group-launches-longevity-life-academy-to-teach-the-longevity-protocol-the-wealthy-pay-millions-for,200,LIVE
Florida Observer,florida-observer.com,Vertical newswire,https://www.florida-observer.com/article/927643721-eteacher-group-launches-longevity-life-academy-to-teach-the-longevity-protocol-the-wealthy-pay-millions-for,200,LIVE
Floridahealthdaily,floridahealthdaily.com,Vertical newswire,https://www.floridahealthdaily.com/article/927643721-eteacher-group-launches-longevity-life-academy-to-teach-the-longevity-protocol-the-wealthy-pay-millions-for,200,LIVE
Floridanewsguide,floridanewsguide.com,Vertical newswire,https://www.floridanewsguide.com/article/927643721-eteacher-group-launches-longevity-life-academy-to-teach-the-longevity-protocol-the-wealthy-pay-millions-for,200,LIVE
Floridanewstribune,floridanewstribune.com,Vertical newswire,https://www.floridanewstribune.com/article/927643721-eteacher-group-launches-longevity-life-academy-to-teach-the-longevity-protocol-the-wealthy-pay-millions-for,200,LIVE
Floridanewswatch,floridanewswatch.com,Vertical newswire,https://www.floridanewswatch.com/article/927643721-eteacher-group-launches-longevity-life-academy-to-teach-the-longevity-protocol-the-wealthy-pay-millions-for,200,LIVE
Globaladvertisingnews,globaladvertisingnews.com,Vertical newswire,https://www.globaladvertisingnews.com/article/927643721-eteacher-group-launches-longevity-life-academy-to-teach-the-longevity-protocol-the-wealthy-pay-millions-for,200,LIVE
Globalbusinesswatch,globalbusinesswatch.com,Vertical newswire,https://www.globalbusinesswatch.com/article/927643721-eteacher-group-launches-longevity-life-academy-to-teach-the-longevity-protocol-the-wealthy-pay-millions-for,200,LIVE
Globalhealthcaretoday,globalhealthcaretoday.com,Vertical newswire,https://www.globalhealthcaretoday.com/article/927643721-eteacher-group-launches-longevity-life-academy-to-teach-the-longevity-protocol-the-wealthy-pay-millions-for,200,LIVE
Globaljournalobserver,globaljournalobserver.com,Vertical newswire,https://www.globaljournalobserver.com/article/927643721-eteacher-group-launches-longevity-life-academy-to-teach-the-longevity-protocol-the-wealthy-pay-millions-for,200,LIVE
Globalmediawatch,globalmediawatch.com,Vertical newswire,https://www.globalmediawatch.com/article/927643721-eteacher-group-launches-longevity-life-academy-to-teach-the-longevity-protocol-the-wealthy-pay-millions-for,200,LIVE
Globalnewsscanner,globalnewsscanner.com,Vertical newswire,https://www.globalnewsscanner.com/article/927643721-eteacher-group-launches-longevity-life-academy-to-teach-the-longevity-protocol-the-wealthy-pay-millions-for,200,LIVE
Globalreporterjournal,globalreporterjournal.com,Vertical newswire,https://www.globalreporterjournal.com/article/927643721-eteacher-group-launches-longevity-life-academy-to-teach-the-longevity-protocol-the-wealthy-pay-millions-for,200,LIVE
Globalwellnesstimes,globalwellnesstimes.com,Vertical newswire,https://www.globalwellnesstimes.com/article/927643721-eteacher-group-launches-longevity-life-academy-to-teach-the-longevity-protocol-the-wealthy-pay-millions-for,200,LIVE
Growingbusinessesinthenews,growingbusinessesinthenews.com,Vertical newswire,https://www.growingbusinessesinthenews.com/article/927643721-eteacher-group-launches-longevity-life-academy-to-teach-the-longevity-protocol-the-wealthy-pay-millions-for,200,LIVE
Healthcareindustrytoday,healthcareindustrytoday.com,Vertical newswire,http://www.healthcareindustrytoday.com/article/927643721-eteacher-group-launches-longevity-life-academy-to-teach-the-longevity-protocol-the-wealthy-pay-millions-for,200,LIVE
Healthcareonlinenetwork,healthcareonlinenetwork.com,Vertical newswire,https://www.healthcareonlinenetwork.com/article/927643721-eteacher-group-launches-longevity-life-academy-to-teach-the-longevity-protocol-the-wealthy-pay-millions-for,200,LIVE
Healthcarepressreleases,healthcarepressreleases.com,Vertical newswire,http://www.healthcarepressreleases.com/article/927643721-eteacher-group-launches-longevity-life-academy-to-teach-the-longevity-protocol-the-wealthy-pay-millions-for,200,LIVE
Healthindustrywatch,healthindustrywatch.com,Vertical newswire,https://www.healthindustrywatch.com/article/927643721-eteacher-group-launches-longevity-life-academy-to-teach-the-longevity-protocol-the-wealthy-pay-millions-for,200,LIVE
Healthprofessionaltimes,healthprofessionaltimes.com,Vertical newswire,https://www.healthprofessionaltimes.com/article/927643721-eteacher-group-launches-longevity-life-academy-to-teach-the-longevity-protocol-the-wealthy-pay-millions-for,200,LIVE
Innovationandentrepreneursnews,innovationandentrepreneursnews.com,Vertical newswire,https://www.innovationandentrepreneursnews.com/article/927643721-eteacher-group-launches-longevity-life-academy-to-teach-the-longevity-protocol-the-wealthy-pay-millions-for,200,LIVE
Internationalbusinesswatch,internationalbusinesswatch.com,Vertical newswire,https://www.internationalbusinesswatch.com/article/927643721-eteacher-group-launches-longevity-life-academy-to-teach-the-longevity-protocol-the-wealthy-pay-millions-for,200,LIVE
Internationalnewsledger,internationalnewsledger.com,Vertical newswire,https://www.internationalnewsledger.com/article/927643721-eteacher-group-launches-longevity-life-academy-to-teach-the-longevity-protocol-the-wealthy-pay-millions-for,200,LIVE
Internationalworldtimes,internationalworldtimes.com,Vertical newswire,https://www.internationalworldtimes.com/article/927643721-eteacher-group-launches-longevity-life-academy-to-teach-the-longevity-protocol-the-wealthy-pay-millions-for,200,LIVE
Itg,itg.ixm.mybluehost.me,Vertical newswire,https://itg.ixm.mybluehost.me/press-releases/55960/eteacher-group-launches-longevity-life-academy-to-teach-the-longevity-protocol-the-wealthy-pay-millions-for/,200,LIVE
Journalofbusinessnews,journalofbusinessnews.com,Vertical newswire,https://www.journalofbusinessnews.com/article/927643721-eteacher-group-launches-longevity-life-academy-to-teach-the-longevity-protocol-the-wealthy-pay-millions-for,200,LIVE
MENAFN,menafn.com,Vertical newswire,https://www.menafn.com/,307,unverified
MENAFN,menafn.com,Vertical newswire,https://menafn.com/1111419118/Eteacher-Group-Launches-Longevity-Life-Academy-To-Teach-The-Longevity-Protocol-The-Wealthy-Pay-Millions-For,307,unverified
Marcomworld,marcomworld.com,Vertical newswire,https://www.marcomworld.com/article/927643721-eteacher-group-launches-longevity-life-academy-to-teach-the-longevity-protocol-the-wealthy-pay-millions-for,200,LIVE
Mediaindustryobserver,mediaindustryobserver.com,Vertical newswire,https://www.mediaindustryobserver.com/article/927643721-eteacher-group-launches-longevity-life-academy-to-teach-the-longevity-protocol-the-wealthy-pay-millions-for,200,LIVE
Medicalindustrytoday,medicalindustrytoday.com,Vertical newswire,https://www.medicalindustrytoday.com/article/927643721-eteacher-group-launches-longevity-life-academy-to-teach-the-longevity-protocol-the-wealthy-pay-millions-for,200,LIVE
Montserratdailynews,montserratdailynews.com,Vertical newswire,https://www.montserratdailynews.com/article/927643721-eteacher-group-launches-longevity-life-academy-to-teach-the-longevity-protocol-the-wealthy-pay-millions-for,200,LIVE
Myflnow,myflnow.com,Vertical newswire,https://www.myflnow.com/article/927643721-eteacher-group-launches-longevity-life-academy-to-teach-the-longevity-protocol-the-wealthy-pay-millions-for,200,LIVE
Myhealthcarereporter,myhealthcarereporter.com,Vertical newswire,https://www.myhealthcarereporter.com/article/927643721-eteacher-group-launches-longevity-life-academy-to-teach-the-longevity-protocol-the-wealthy-pay-millions-for,200,LIVE
Newsplugin,newsplugin.com,Vertical newswire,https://www.newsplugin.com/,200,LIVE
Northamericatoday,northamericatoday.com,Vertical newswire,https://www.northamericatoday.com/article/927643721-eteacher-group-launches-longevity-life-academy-to-teach-the-longevity-protocol-the-wealthy-pay-millions-for,200,LIVE
Oneworlddailybrief,oneworlddailybrief.com,Vertical newswire,https://www.oneworlddailybrief.com/article/927643721-eteacher-group-launches-longevity-life-academy-to-teach-the-longevity-protocol-the-wealthy-pay-millions-for,200,LIVE
Perspectify,perspectify.com,Vertical newswire,https://www.perspectify.com/,403,LIVE (bot-blocked to scripts)
Prwireindia,prwireindia.com,Vertical newswire,https://prwireindia.com/press-release/eteacher-group-launches-longevity-life-academy-to-teach-the-longevity-protocol-the-wealthy-pay-millions-for,200,LIVE
Rew,rew.ouq.mybluehost.me,Vertical newswire,https://rew.ouq.mybluehost.me/press-releases/21833/eteacher-group-launches-longevity-life-academy-to-teach-the-longevity-protocol-the-wealthy-pay-millions-for/,200,LIVE
Signalnewsmiami,signalnewsmiami.com,Vertical newswire,https://signalnewsmiami.com/press-releases/54300/eteacher-group-launches-longevity-life-academy-to-teach-the-longevity-protocol-the-wealthy-pay-millions-for/,200,LIVE
Signalnewsnewyork,signalnewsnewyork.com,Vertical newswire,https://signalnewsnewyork.com/press-releases/26156/eteacher-group-launches-longevity-life-academy-to-teach-the-longevity-protocol-the-wealthy-pay-millions-for/,200,LIVE
Smallbusinessesinthenews,smallbusinessesinthenews.com,Vertical newswire,https://www.smallbusinessesinthenews.com/article/927643721-eteacher-group-launches-longevity-life-academy-to-teach-the-longevity-protocol-the-wealthy-pay-millions-for,200,LIVE
Smallbusinessnewstoday,smallbusinessnewstoday.com,Vertical newswire,https://www.smallbusinessnewstoday.com/article/927643721-eteacher-group-launches-longevity-life-academy-to-teach-the-longevity-protocol-the-wealthy-pay-millions-for,200,LIVE
Smallbusinessnewswatch,smallbusinessnewswatch.com,Vertical newswire,https://www.smallbusinessnewswatch.com/article/927643721-eteacher-group-launches-longevity-life-academy-to-teach-the-longevity-protocol-the-wealthy-pay-millions-for,200,LIVE
Smallbusinessonlinenetwork,smallbusinessonlinenetwork.com,Vertical newswire,https://www.smallbusinessonlinenetwork.com/article/927643721-eteacher-group-launches-longevity-life-academy-to-teach-the-longevity-protocol-the-wealthy-pay-millions-for,200,LIVE
Smallbusinessworldjournal,smallbusinessworldjournal.com,Vertical newswire,https://www.smallbusinessworldjournal.com/article/927643721-eteacher-group-launches-longevity-life-academy-to-teach-the-longevity-protocol-the-wealthy-pay-millions-for,200,LIVE
Smallbusinessworldmagazine,smallbusinessworldmagazine.com,Vertical newswire,https://www.smallbusinessworldmagazine.com/article/927643721-eteacher-group-launches-longevity-life-academy-to-teach-the-longevity-protocol-the-wealthy-pay-millions-for,200,LIVE
Smartsbusinesswire,smartsbusinesswire.com,Vertical newswire,https://www.smartsbusinesswire.com/article/927643721-eteacher-group-launches-longevity-life-academy-to-teach-the-longevity-protocol-the-wealthy-pay-millions-for,200,LIVE
Smbandme,smbandme.com,Vertical newswire,https://www.smbandme.com/article/927643721-eteacher-group-launches-longevity-life-academy-to-teach-the-longevity-protocol-the-wealthy-pay-millions-for,200,LIVE
Smbinaction,smbinaction.com,Vertical newswire,https://www.smbinaction.com/article/927643721-eteacher-group-launches-longevity-life-academy-to-teach-the-longevity-protocol-the-wealthy-pay-millions-for,200,LIVE
Smbworldreport,smbworldreport.com,Vertical newswire,https://www.smbworldreport.com/article/927643721-eteacher-group-launches-longevity-life-academy-to-teach-the-longevity-protocol-the-wealthy-pay-millions-for,200,LIVE
Stateoftheunionnews,stateoftheunionnews.com,Vertical newswire,https://www.stateoftheunionnews.com/article/927643721-eteacher-group-launches-longevity-life-academy-to-teach-the-longevity-protocol-the-wealthy-pay-millions-for,200,LIVE
Sunshinestatetoday,sunshinestatetoday.com,Vertical newswire,https://www.sunshinestatetoday.com/article/927643721-eteacher-group-launches-longevity-life-academy-to-teach-the-longevity-protocol-the-wealthy-pay-millions-for,200,LIVE
Tampa Free Press,tampafp.com,Vertical newswire,https://www.tampafp.com/category/press-releases/,200,LIVE
The National Law Review,natlawreview.com,Vertical newswire,https://natlawreview.com/press-releases/eteacher-group-launches-longevity-life-academy-teach-longevity-protocol,200,LIVE
Theamericawatch,theamericawatch.com,Vertical newswire,https://www.theamericawatch.com/article/927643721-eteacher-group-launches-longevity-life-academy-to-teach-the-longevity-protocol-the-wealthy-pay-millions-for,200,LIVE
Thebusinessgazetteonline,thebusinessgazetteonline.com,Vertical newswire,https://www.thebusinessgazetteonline.com/article/927643721-eteacher-group-launches-longevity-life-academy-to-teach-the-longevity-protocol-the-wealthy-pay-millions-for,200,LIVE
Theconsumernewsnetwork,theconsumernewsnetwork.com,Vertical newswire,https://www.theconsumernewsnetwork.com/article/927643721-eteacher-group-launches-longevity-life-academy-to-teach-the-longevity-protocol-the-wealthy-pay-millions-for,200,LIVE
Thefloridaherald,thefloridaherald.com,Vertical newswire,https://www.thefloridaherald.com/article/927643721-eteacher-group-launches-longevity-life-academy-to-teach-the-longevity-protocol-the-wealthy-pay-millions-for,200,LIVE
Thefloridanewsguide,thefloridanewsguide.com,Vertical newswire,https://www.thefloridanewsguide.com/article/927643721-eteacher-group-launches-longevity-life-academy-to-teach-the-longevity-protocol-the-wealthy-pay-millions-for,200,LIVE
Thefloridatribune,thefloridatribune.com,Vertical newswire,https://www.thefloridatribune.com/article/927643721-eteacher-group-launches-longevity-life-academy-to-teach-the-longevity-protocol-the-wealthy-pay-millions-for,200,LIVE
Themarcomjournal,themarcomjournal.com,Vertical newswire,https://www.themarcomjournal.com/article/927643721-eteacher-group-launches-longevity-life-academy-to-teach-the-longevity-protocol-the-wealthy-pay-millions-for,200,LIVE
Themarketingcommunicator,themarketingcommunicator.com,Vertical newswire,https://www.themarketingcommunicator.com/article/927643721-eteacher-group-launches-longevity-life-academy-to-teach-the-longevity-protocol-the-wealthy-pay-millions-for,200,LIVE
Theworldnewswire,theworldnewswire.com,Vertical newswire,https://www.theworldnewswire.com/article/927643721-eteacher-group-launches-longevity-life-academy-to-teach-the-longevity-protocol-the-wealthy-pay-millions-for,200,LIVE
Todayinhealthcare,todayinhealthcare.com,Vertical newswire,http://www.todayinhealthcare.com/article/927643721-eteacher-group-launches-longevity-life-academy-to-teach-the-longevity-protocol-the-wealthy-pay-millions-for,200,LIVE
Todayinmarcom,todayinmarcom.com,Vertical newswire,https://www.todayinmarcom.com/article/927643721-eteacher-group-launches-longevity-life-academy-to-teach-the-longevity-protocol-the-wealthy-pay-millions-for,200,LIVE
Todayinmedicine,todayinmedicine.com,Vertical newswire,http://www.todayinmedicine.com/article/927643721-eteacher-group-launches-longevity-life-academy-to-teach-the-longevity-protocol-the-wealthy-pay-millions-for,200,LIVE
Todayinparenting,todayinparenting.com,Vertical newswire,http://www.todayinparenting.com/article/927643721-eteacher-group-launches-longevity-life-academy-to-teach-the-longevity-protocol-the-wealthy-pay-millions-for,200,LIVE
Usdailyledger,usdailyledger.com,Vertical newswire,https://www.usdailyledger.com/article/927643721-eteacher-group-launches-longevity-life-academy-to-teach-the-longevity-protocol-the-wealthy-pay-millions-for,200,LIVE
Ushealthcarejournal,ushealthcarejournal.com,Vertical newswire,https://www.ushealthcarejournal.com/article/927643721-eteacher-group-launches-longevity-life-academy-to-teach-the-longevity-protocol-the-wealthy-pay-millions-for,200,LIVE
Usnationaltimes,usnationaltimes.com,Vertical newswire,https://www.usnationaltimes.com/article/927643721-eteacher-group-launches-longevity-life-academy-to-teach-the-longevity-protocol-the-wealthy-pay-millions-for,200,LIVE
Ustimesgazette,ustimesgazette.com,Vertical newswire,https://www.ustimesgazette.com/article/927643721-eteacher-group-launches-longevity-life-academy-to-teach-the-longevity-protocol-the-wealthy-pay-millions-for,200,LIVE
Worldadvertisingreport,worldadvertisingreport.com,Vertical newswire,https://www.worldadvertisingreport.com/article/927643721-eteacher-group-launches-longevity-life-academy-to-teach-the-longevity-protocol-the-wealthy-pay-millions-for,200,LIVE
Worldhealthcarereport,worldhealthcarereport.com,Vertical newswire,https://www.worldhealthcarereport.com/article/927643721-eteacher-group-launches-longevity-life-academy-to-teach-the-longevity-protocol-the-wealthy-pay-millions-for,200,LIVE
Worldonlinenewsreports,worldonlinenewsreports.com,Vertical newswire,https://www.worldonlinenewsreports.com/article/927643721-eteacher-group-launches-longevity-life-academy-to-teach-the-longevity-protocol-the-wealthy-pay-millions-for,200,LIVE
Worldpostreporter,worldpostreporter.com,Vertical newswire,https://www.worldpostreporter.com/article/927643721-eteacher-group-launches-longevity-life-academy-to-teach-the-longevity-protocol-the-wealthy-pay-millions-for,200,LIVE
Worldreportmonitor,worldreportmonitor.com,Vertical newswire,https://www.worldreportmonitor.com/article/927643721-eteacher-group-launches-longevity-life-academy-to-teach-the-longevity-protocol-the-wealthy-pay-millions-for,200,LIVE
Worldwellnesstimes,worldwellnesstimes.com,Vertical newswire,https://www.worldwellnesstimes.com/article/927643721-eteacher-group-launches-longevity-life-academy-to-teach-the-longevity-protocol-the-wealthy-pay-millions-for,200,LIVE
Anchorage,anchorage.newsnetmedia.com,NewsNet local,https://anchorage.newsnetmedia.com/story/351443/eteacher-group-launches-longevity-life-academy-to-teach-the-longevity-protocol-the-wealthy-pay-millions-for/,000,unverified
Augusta,augusta.newsnetmedia.com,NewsNet local,https://augusta.newsnetmedia.com/story/349663/eteacher-group-launches-longevity-life-academy-to-teach-the-longevity-protocol-the-wealthy-pay-millions-for/,200,LIVE
Austin,austin.newsnetmedia.com,NewsNet local,https://austin.newsnetmedia.com/story/349567/eteacher-group-launches-longevity-life-academy-to-teach-the-longevity-protocol-the-wealthy-pay-millions-for/,200,LIVE
Boise,boise.newsnetmedia.com,NewsNet local,https://boise.newsnetmedia.com/story/349411/eteacher-group-launches-longevity-life-academy-to-teach-the-longevity-protocol-the-wealthy-pay-millions-for/,200,LIVE
Buffalo,buffalo.newsnetmedia.com,NewsNet local,https://buffalo.newsnetmedia.com/story/347768/eteacher-group-launches-longevity-life-academy-to-teach-the-longevity-protocol-the-wealthy-pay-millions-for/,200,LIVE
Columbia,columbia.newsnetmedia.com,NewsNet local,https://columbia.newsnetmedia.com/story/349499/eteacher-group-launches-longevity-life-academy-to-teach-the-longevity-protocol-the-wealthy-pay-millions-for/,200,LIVE
Columbus,columbus.newsnetmedia.com,NewsNet local,https://columbus.newsnetmedia.com/story/349533/eteacher-group-launches-longevity-life-academy-to-teach-the-longevity-protocol-the-wealthy-pay-millions-for/,200,LIVE
Detroit,detroit.newsnetmedia.com,NewsNet local,https://detroit.newsnetmedia.com/story/349618/eteacher-group-launches-longevity-life-academy-to-teach-the-longevity-protocol-the-wealthy-pay-millions-for/,200,LIVE
Fresno,fresno.newsnetmedia.com,NewsNet local,https://fresno.newsnetmedia.com/story/349264/eteacher-group-launches-longevity-life-academy-to-teach-the-longevity-protocol-the-wealthy-pay-millions-for/,200,LIVE
Hawaii,hawaii.newsnetmedia.com,NewsNet local,https://hawaii.newsnetmedia.com/story/349328/eteacher-group-launches-longevity-life-academy-to-teach-the-longevity-protocol-the-wealthy-pay-millions-for/,000,unverified
Jacksonville,jacksonville.newsnetmedia.com,NewsNet local,https://jacksonville.newsnetmedia.com/story/340463/eteacher-group-launches-longevity-life-academy-to-teach-the-longevity-protocol-the-wealthy-pay-millions-for/,200,LIVE
Lasvegas,lasvegas.newsnetmedia.com,NewsNet local,https://lasvegas.newsnetmedia.com/story/342506/eteacher-group-launches-longevity-life-academy-to-teach-the-longevity-protocol-the-wealthy-pay-millions-for/,504,unverified
Losangeles,losangeles.newsnetmedia.com,NewsNet local,https://losangeles.newsnetmedia.com/story/342442/eteacher-group-launches-longevity-life-academy-to-teach-the-longevity-protocol-the-wealthy-pay-millions-for/,200,LIVE
Louisville,louisville.newsnetmedia.com,NewsNet local,https://louisville.newsnetmedia.com/story/330530/eteacher-group-launches-longevity-life-academy-to-teach-the-longevity-protocol-the-wealthy-pay-millions-for/,200,LIVE
Michigan,michigan.newsnetmedia.com,NewsNet local,https://michigan.newsnetmedia.com/story/342587/eteacher-group-launches-longevity-life-academy-to-teach-the-longevity-protocol-the-wealthy-pay-millions-for/,200,LIVE
Minneapolis,minneapolis.newsnetmedia.com,NewsNet local,https://minneapolis.newsnetmedia.com/story/342658/eteacher-group-launches-longevity-life-academy-to-teach-the-longevity-protocol-the-wealthy-pay-millions-for/,200,LIVE
Monterey,monterey.newsnetmedia.com,NewsNet local,https://monterey.newsnetmedia.com/story/342446/eteacher-group-launches-longevity-life-academy-to-teach-the-longevity-protocol-the-wealthy-pay-millions-for/,504,unverified
Myrtlebeach,myrtlebeach.newsnetmedia.com,NewsNet local,https://myrtlebeach.newsnetmedia.com/story/340976/eteacher-group-launches-longevity-life-academy-to-teach-the-longevity-protocol-the-wealthy-pay-millions-for/,200,LIVE
Nashville,nashville.newsnetmedia.com,NewsNet local,https://nashville.newsnetmedia.com/story/342103/eteacher-group-launches-longevity-life-academy-to-teach-the-longevity-protocol-the-wealthy-pay-millions-for/,200,LIVE
Norfolk,norfolk.newsnetmedia.com,NewsNet local,https://norfolk.newsnetmedia.com/story/342114/eteacher-group-launches-longevity-life-academy-to-teach-the-longevity-protocol-the-wealthy-pay-millions-for/,200,LIVE
Odessa,odessa.newsnetmedia.com,NewsNet local,https://odessa.newsnetmedia.com/story/342199/eteacher-group-launches-longevity-life-academy-to-teach-the-longevity-protocol-the-wealthy-pay-millions-for/,200,LIVE
Orlando,orlando.newsnetmedia.com,NewsNet local,https://orlando.newsnetmedia.com/story/342251/eteacher-group-launches-longevity-life-academy-to-teach-the-longevity-protocol-the-wealthy-pay-millions-for/,000,unverified
Palmsprings,palmsprings.newsnetmedia.com,NewsNet local,https://palmsprings.newsnetmedia.com/story/336445/eteacher-group-launches-longevity-life-academy-to-teach-the-longevity-protocol-the-wealthy-pay-millions-for/,504,unverified
Pittsburgh,pittsburgh.newsnetmedia.com,NewsNet local,https://pittsburgh.newsnetmedia.com/story/340590/eteacher-group-launches-longevity-life-academy-to-teach-the-longevity-protocol-the-wealthy-pay-millions-for/,200,LIVE
Portland,portland.newsnetmedia.com,NewsNet local,https://portland.newsnetmedia.com/story/340400/eteacher-group-launches-longevity-life-academy-to-teach-the-longevity-protocol-the-wealthy-pay-millions-for/,200,LIVE
Quincy,quincy.newsnetmedia.com,NewsNet local,https://quincy.newsnetmedia.com/story/342367/eteacher-group-launches-longevity-life-academy-to-teach-the-longevity-protocol-the-wealthy-pay-millions-for/,200,LIVE
Sacramento,sacramento.newsnetmedia.com,NewsNet local,https://sacramento.newsnetmedia.com/story/342319/eteacher-group-launches-longevity-life-academy-to-teach-the-longevity-protocol-the-wealthy-pay-millions-for/,200,LIVE
Saltlakecity,saltlakecity.newsnetmedia.com,NewsNet local,https://saltlakecity.newsnetmedia.com/story/342154/eteacher-group-launches-longevity-life-academy-to-teach-the-longevity-protocol-the-wealthy-pay-millions-for/,200,LIVE
Sanantonio,sanantonio.newsnetmedia.com,NewsNet local,https://sanantonio.newsnetmedia.com/story/337292/eteacher-group-launches-longevity-life-academy-to-teach-the-longevity-protocol-the-wealthy-pay-millions-for/,200,LIVE
Santabarbara,santabarbara.newsnetmedia.com,NewsNet local,https://santabarbara.newsnetmedia.com/story/342250/eteacher-group-launches-longevity-life-academy-to-teach-the-longevity-protocol-the-wealthy-pay-millions-for/,000,unverified
Siouxfalls,siouxfalls.newsnetmedia.com,NewsNet local,https://siouxfalls.newsnetmedia.com/story/342307/eteacher-group-launches-longevity-life-academy-to-teach-the-longevity-protocol-the-wealthy-pay-millions-for/,200,LIVE
Sports,sports.newsnetmedia.com,NewsNet local,https://sports.newsnetmedia.com/story/341998/eteacher-group-launches-longevity-life-academy-to-teach-the-longevity-protocol-the-wealthy-pay-millions-for/,200,LIVE
Stlouis,stlouis.newsnetmedia.com,NewsNet local,https://stlouis.newsnetmedia.com/story/328533/eteacher-group-launches-longevity-life-academy-to-teach-the-longevity-protocol-the-wealthy-pay-millions-for/,000,unverified
Tampa,tampa.newsnetmedia.com,NewsNet local,https://tampa.newsnetmedia.com/story/342113/eteacher-group-launches-longevity-life-academy-to-teach-the-longevity-protocol-the-wealthy-pay-millions-for/,000,unverified
Waco,waco.newsnetmedia.com,NewsNet local,https://waco.newsnetmedia.com/story/342010/eteacher-group-launches-longevity-life-academy-to-teach-the-longevity-protocol-the-wealthy-pay-millions-for/,000,unverified
Newsroom,newsroom.xpr.media,XPR newsroom,https://newsroom.xpr.media/story/186163/eteacher-group-launches-longevity-life-academy-to-teach-the-longevity-protocol-the-wealthy-pay-millions-for/,200,LIVE
1stcounsel,lifestyle.1stcounsel.com,Lifestyle network,https://lifestyle.1stcounsel.com/story/249620/eteacher-group-launches-longevity-life-academy-to-teach-the-longevity-protocol-the-wealthy-pay-millions-for/,200,LIVE
Acting Auditions,lifestyle.acting-auditions.org,Lifestyle network,https://lifestyle.acting-auditions.org/story/248524/eteacher-group-launches-longevity-life-academy-to-teach-the-longevity-protocol-the-wealthy-pay-millions-for/,200,LIVE
Adamtorkildson,lifestyle.adamtorkildson.com,Lifestyle network,https://lifestyle.adamtorkildson.com/story/242879/eteacher-group-launches-longevity-life-academy-to-teach-the-longevity-protocol-the-wealthy-pay-millions-for/,200,LIVE
Adriennemonson,lifestyle.adriennemonson.com,Lifestyle network,https://lifestyle.adriennemonson.com/story/246118/eteacher-group-launches-longevity-life-academy-to-teach-the-longevity-protocol-the-wealthy-pay-millions-for/,200,LIVE
Agree,lifestyle.agree.net,Lifestyle network,https://lifestyle.agree.net/story/252965/eteacher-group-launches-longevity-life-academy-to-teach-the-longevity-protocol-the-wealthy-pay-millions-for/,200,LIVE
Agreensign,lifestyle.agreensign.com,Lifestyle network,https://lifestyle.agreensign.com/story/264696/eteacher-group-launches-longevity-life-academy-to-teach-the-longevity-protocol-the-wealthy-pay-millions-for/,200,LIVE
All80sz1063,lifestyle.all80sz1063.com,Lifestyle network,https://lifestyle.all80sz1063.com/story/336988/eteacher-group-launches-longevity-life-academy-to-teach-the-longevity-protocol-the-wealthy-pay-millions-for/,200,LIVE
Allpodcasts,lifestyle.allpodcasts.com,Lifestyle network,https://lifestyle.allpodcasts.com/story/263033/eteacher-group-launches-longevity-life-academy-to-teach-the-longevity-protocol-the-wealthy-pay-millions-for/,200,LIVE
Altiusdirectory,lifestyle.altiusdirectory.com,Lifestyle network,https://lifestyle.altiusdirectory.com/story/249064/eteacher-group-launches-longevity-life-academy-to-teach-the-longevity-protocol-the-wealthy-pay-millions-for/,200,LIVE
Annikabansal,lifestyle.annikabansal.com,Lifestyle network,https://lifestyle.annikabansal.com/story/262921/eteacher-group-launches-longevity-life-academy-to-teach-the-longevity-protocol-the-wealthy-pay-millions-for/,200,LIVE
Articlerich,lifestyle.articlerich.com,Lifestyle network,https://lifestyle.articlerich.com/story/264460/eteacher-group-launches-longevity-life-academy-to-teach-the-longevity-protocol-the-wealthy-pay-millions-for/,200,LIVE
Aussie8,lifestyle.aussie8.com,Lifestyle network,https://lifestyle.aussie8.com/story/246363/eteacher-group-launches-longevity-life-academy-to-teach-the-longevity-protocol-the-wealthy-pay-millions-for/,200,LIVE
Austintop50,lifestyle.austintop50.com,Lifestyle network,https://lifestyle.austintop50.com/story/249023/eteacher-group-launches-longevity-life-academy-to-teach-the-longevity-protocol-the-wealthy-pay-millions-for/,200,LIVE
Awe,lifestyle.awe.sm,Lifestyle network,https://lifestyle.awe.sm/story/263965/eteacher-group-launches-longevity-life-academy-to-teach-the-longevity-protocol-the-wealthy-pay-millions-for/,200,LIVE
Axcessnews,lifestyle.axcessnews.com,Lifestyle network,https://lifestyle.axcessnews.com/story/274357/eteacher-group-launches-longevity-life-academy-to-teach-the-longevity-protocol-the-wealthy-pay-millions-for/,200,LIVE
Baltimorenewsjournal,lifestyle.baltimorenewsjournal.com,Lifestyle network,https://lifestyle.baltimorenewsjournal.com/story/245057/eteacher-group-launches-longevity-life-academy-to-teach-the-longevity-protocol-the-wealthy-pay-millions-for/,200,LIVE
Baretnews,lifestyle.baretnews.com,Lifestyle network,https://lifestyle.baretnews.com/story/249139/eteacher-group-launches-longevity-life-academy-to-teach-the-longevity-protocol-the-wealthy-pay-millions-for/,200,LIVE
Blackberryempire,lifestyle.blackberryempire.com,Lifestyle network,https://lifestyle.blackberryempire.com/story/244293/eteacher-group-launches-longevity-life-academy-to-teach-the-longevity-protocol-the-wealthy-pay-millions-for/,200,LIVE
Blerrp,lifestyle.blerrp.com,Lifestyle network,https://lifestyle.blerrp.com/story/248761/eteacher-group-launches-longevity-life-academy-to-teach-the-longevity-protocol-the-wealthy-pay-millions-for/,200,LIVE
Bocaratoncityonline,lifestyle.bocaratoncityonline.com,Lifestyle network,https://lifestyle.bocaratoncityonline.com/story/297530/eteacher-group-launches-longevity-life-academy-to-teach-the-longevity-protocol-the-wealthy-pay-millions-for/,200,LIVE
Bombreport,lifestyle.bombreport.com,Lifestyle network,https://lifestyle.bombreport.com/story/264592/eteacher-group-launches-longevity-life-academy-to-teach-the-longevity-protocol-the-wealthy-pay-millions-for/,200,LIVE
Boostupblog,lifestyle.boostupblog.com,Lifestyle network,https://lifestyle.boostupblog.com/story/248173/eteacher-group-launches-longevity-life-academy-to-teach-the-longevity-protocol-the-wealthy-pay-millions-for/,200,LIVE
Bossesmag,lifestyle.bossesmag.com,Lifestyle network,https://lifestyle.bossesmag.com/story/726128/eteacher-group-launches-longevity-life-academy-to-teach-the-longevity-protocol-the-wealthy-pay-millions-for/,200,LIVE
Brickvest,lifestyle.brickvest.com,Lifestyle network,https://lifestyle.brickvest.com/story/713374/eteacher-group-launches-longevity-life-academy-to-teach-the-longevity-protocol-the-wealthy-pay-millions-for/,200,LIVE
Briefmobile,lifestyle.briefmobile.com,Lifestyle network,https://lifestyle.briefmobile.com/story/769735/eteacher-group-launches-longevity-life-academy-to-teach-the-longevity-protocol-the-wealthy-pay-millions-for/,200,LIVE
Brightsfuture,lifestyle.brightsfuture.com,Lifestyle network,https://lifestyle.brightsfuture.com/story/777373/eteacher-group-launches-longevity-life-academy-to-teach-the-longevity-protocol-the-wealthy-pay-millions-for/,200,LIVE
Brownplanet,lifestyle.brownplanet.com,Lifestyle network,https://lifestyle.brownplanet.com/story/774445/eteacher-group-launches-longevity-life-academy-to-teach-the-longevity-protocol-the-wealthy-pay-millions-for/,200,LIVE
Businesstimes,lifestyle.businesstimes.co.tz,Lifestyle network,https://lifestyle.businesstimes.co.tz/story/239903/eteacher-group-launches-longevity-life-academy-to-teach-the-longevity-protocol-the-wealthy-pay-millions-for/,200,LIVE
Californiaconsumerbanking,lifestyle.californiaconsumerbanking.com,Lifestyle network,https://lifestyle.californiaconsumerbanking.com/story/768155/eteacher-group-launches-longevity-life-academy-to-teach-the-longevity-protocol-the-wealthy-pay-millions-for/,200,LIVE
Capitalcityrock,lifestyle.capitalcityrock.com,Lifestyle network,https://lifestyle.capitalcityrock.com/story/341208/eteacher-group-launches-longevity-life-academy-to-teach-the-longevity-protocol-the-wealthy-pay-millions-for/,200,LIVE
Capitolhilltimes,lifestyle.capitolhilltimes.com,Lifestyle network,https://lifestyle.capitolhilltimes.com/story/777668/eteacher-group-launches-longevity-life-academy-to-teach-the-longevity-protocol-the-wealthy-pay-millions-for/,200,LIVE
Careersavvy,lifestyle.careersavvy.co.uk,Lifestyle network,https://lifestyle.careersavvy.co.uk/story/793089/eteacher-group-launches-longevity-life-academy-to-teach-the-longevity-protocol-the-wealthy-pay-millions-for/,200,LIVE
Celebhomes,lifestyle.celebhomes.net,Lifestyle network,https://lifestyle.celebhomes.net/story/430113/eteacher-group-launches-longevity-life-academy-to-teach-the-longevity-protocol-the-wealthy-pay-millions-for/,200,LIVE
Cfxmagazine,lifestyle.cfxmagazine.com,Lifestyle network,https://lifestyle.cfxmagazine.com/story/779509/eteacher-group-launches-longevity-life-academy-to-teach-the-longevity-protocol-the-wealthy-pay-millions-for/,200,LIVE
Chroniccities,lifestyle.chroniccities.us,Lifestyle network,https://lifestyle.chroniccities.us/story/762314/eteacher-group-launches-longevity-life-academy-to-teach-the-longevity-protocol-the-wealthy-pay-millions-for/,200,LIVE
Cosmeticsurgeryinsider,lifestyle.cosmeticsurgeryinsider.com,Lifestyle network,https://lifestyle.cosmeticsurgeryinsider.com/story/774274/eteacher-group-launches-longevity-life-academy-to-teach-the-longevity-protocol-the-wealthy-pay-millions-for/,200,LIVE
Current943,lifestyle.current943.com,Lifestyle network,https://lifestyle.current943.com/story/337838/eteacher-group-launches-longevity-life-academy-to-teach-the-longevity-protocol-the-wealthy-pay-millions-for/,200,LIVE
D H,lifestyle.d-h.st,Lifestyle network,https://lifestyle.d-h.st/story/790491/eteacher-group-launches-longevity-life-academy-to-teach-the-longevity-protocol-the-wealthy-pay-millions-for/,200,LIVE
Digitaladblog,lifestyle.digitaladblog.com,Lifestyle network,https://lifestyle.digitaladblog.com/story/784877/eteacher-group-launches-longevity-life-academy-to-teach-the-longevity-protocol-the-wealthy-pay-millions-for/,200,LIVE
Duovoltart,lifestyle.duovoltart.com,Lifestyle network,https://lifestyle.duovoltart.com/story/752958/eteacher-group-launches-longevity-life-academy-to-teach-the-longevity-protocol-the-wealthy-pay-millions-for/,200,LIVE
Eastmnweeklynews,lifestyle.eastmnweeklynews.com,Lifestyle network,https://lifestyle.eastmnweeklynews.com/story/778074/eteacher-group-launches-longevity-life-academy-to-teach-the-longevity-protocol-the-wealthy-pay-millions-for/,200,LIVE
Easyhouseremodeling,lifestyle.easyhouseremodeling.com,Lifestyle network,https://lifestyle.easyhouseremodeling.com/story/689864/eteacher-group-launches-longevity-life-academy-to-teach-the-longevity-protocol-the-wealthy-pay-millions-for/,200,LIVE
Emphas,lifestyle.emphas.is,Lifestyle network,https://lifestyle.emphas.is/story/750847/eteacher-group-launches-longevity-life-academy-to-teach-the-longevity-protocol-the-wealthy-pay-millions-for/,200,LIVE
Entreprenerd,lifestyle.entreprenerd.net,Lifestyle network,https://lifestyle.entreprenerd.net/story/389102/eteacher-group-launches-longevity-life-academy-to-teach-the-longevity-protocol-the-wealthy-pay-millions-for/,200,LIVE
Epubzone,lifestyle.epubzone.org,Lifestyle network,https://lifestyle.epubzone.org/story/753674/eteacher-group-launches-longevity-life-academy-to-teach-the-longevity-protocol-the-wealthy-pay-millions-for/,200,LIVE
Etopical,lifestyle.etopical.com,Lifestyle network,https://lifestyle.etopical.com/story/245422/eteacher-group-launches-longevity-life-academy-to-teach-the-longevity-protocol-the-wealthy-pay-millions-for/,200,LIVE
Fairytaleinkbooks,lifestyle.fairytaleinkbooks.com,Lifestyle network,https://lifestyle.fairytaleinkbooks.com/story/752238/eteacher-group-launches-longevity-life-academy-to-teach-the-longevity-protocol-the-wealthy-pay-millions-for/,200,LIVE
Faithfamilyamerica,lifestyle.faithfamilyamerica.com,Lifestyle network,https://lifestyle.faithfamilyamerica.com/story/734307/eteacher-group-launches-longevity-life-academy-to-teach-the-longevity-protocol-the-wealthy-pay-millions-for/,200,LIVE
Fictiontalk,lifestyle.fictiontalk.com,Lifestyle network,https://lifestyle.fictiontalk.com/story/757210/eteacher-group-launches-longevity-life-academy-to-teach-the-longevity-protocol-the-wealthy-pay-millions-for/,200,LIVE
Filmtelevisionauditions,lifestyle.filmtelevisionauditions.com,Lifestyle network,https://lifestyle.filmtelevisionauditions.com/story/245247/eteacher-group-launches-longevity-life-academy-to-teach-the-longevity-protocol-the-wealthy-pay-millions-for/,200,LIVE
Folsomlocalnews,lifestyle.folsomlocalnews.com,Lifestyle network,https://lifestyle.folsomlocalnews.com/story/775229/eteacher-group-launches-longevity-life-academy-to-teach-the-longevity-protocol-the-wealthy-pay-millions-for/,200,LIVE
Forkstofeet,lifestyle.forkstofeet.com,Lifestyle network,https://lifestyle.forkstofeet.com/story/793150/eteacher-group-launches-longevity-life-academy-to-teach-the-longevity-protocol-the-wealthy-pay-millions-for/,200,LIVE
Friendhood,lifestyle.friendhood.net,Lifestyle network,https://lifestyle.friendhood.net/story/733751/eteacher-group-launches-longevity-life-academy-to-teach-the-longevity-protocol-the-wealthy-pay-millions-for/,200,LIVE
Gamezon,lifestyle.gamezon.net,Lifestyle network,https://lifestyle.gamezon.net/story/744085/eteacher-group-launches-longevity-life-academy-to-teach-the-longevity-protocol-the-wealthy-pay-millions-for/,200,LIVE
Getpetsavvy,lifestyle.getpetsavvy.com,Lifestyle network,https://lifestyle.getpetsavvy.com/story/753876/eteacher-group-launches-longevity-life-academy-to-teach-the-longevity-protocol-the-wealthy-pay-millions-for/,200,LIVE
Godofsound,lifestyle.godofsound.com,Lifestyle network,https://lifestyle.godofsound.com/story/244292/eteacher-group-launches-longevity-life-academy-to-teach-the-longevity-protocol-the-wealthy-pay-millions-for/,200,LIVE
Goldminingnews,lifestyle.goldminingnews.com.au,Lifestyle network,https://lifestyle.goldminingnews.com.au/story/241166/eteacher-group-launches-longevity-life-academy-to-teach-the-longevity-protocol-the-wealthy-pay-millions-for/,200,LIVE
Gooddecisions,lifestyle.gooddecisions.com,Lifestyle network,https://lifestyle.gooddecisions.com/story/746483/eteacher-group-launches-longevity-life-academy-to-teach-the-longevity-protocol-the-wealthy-pay-millions-for/,200,LIVE
Goodsciencing,lifestyle.goodsciencing.com,Lifestyle network,https://lifestyle.goodsciencing.com/story/754266/eteacher-group-launches-longevity-life-academy-to-teach-the-longevity-protocol-the-wealthy-pay-millions-for/,200,LIVE
Gopreneurs,lifestyle.gopreneurs.com,Lifestyle network,https://lifestyle.gopreneurs.com/story/777981/eteacher-group-launches-longevity-life-academy-to-teach-the-longevity-protocol-the-wealthy-pay-millions-for/,200,LIVE
Harcourthealth,lifestyle.harcourthealth.com,Lifestyle network,https://lifestyle.harcourthealth.com/story/778153/eteacher-group-launches-longevity-life-academy-to-teach-the-longevity-protocol-the-wealthy-pay-millions-for/,200,LIVE
Healthsourcemag,lifestyle.healthsourcemag.com,Lifestyle network,https://lifestyle.healthsourcemag.com/story/779820/eteacher-group-launches-longevity-life-academy-to-teach-the-longevity-protocol-the-wealthy-pay-millions-for/,200,LIVE
Hoteleguide,lifestyle.hoteleguide.com,Lifestyle network,https://lifestyle.hoteleguide.com/story/752667/eteacher-group-launches-longevity-life-academy-to-teach-the-longevity-protocol-the-wealthy-pay-millions-for/,200,LIVE
Houstonnewstoday,lifestyle.houstonnewstoday.com,Lifestyle network,https://lifestyle.houstonnewstoday.com/story/781318/eteacher-group-launches-longevity-life-academy-to-teach-the-longevity-protocol-the-wealthy-pay-millions-for/,200,LIVE
Hubspotes,lifestyle.hubspotes.com,Lifestyle network,https://lifestyle.hubspotes.com/story/737909/eteacher-group-launches-longevity-life-academy-to-teach-the-longevity-protocol-the-wealthy-pay-millions-for/,200,LIVE
Humane,lifestyle.humane.net,Lifestyle network,https://lifestyle.humane.net/story/778920/eteacher-group-launches-longevity-life-academy-to-teach-the-longevity-protocol-the-wealthy-pay-millions-for/,200,LIVE
Hungrybear,lifestyle.hungrybear.net,Lifestyle network,https://lifestyle.hungrybear.net/story/744100/eteacher-group-launches-longevity-life-academy-to-teach-the-longevity-protocol-the-wealthy-pay-millions-for/,200,LIVE
Ideacrossing,lifestyle.ideacrossing.org,Lifestyle network,https://lifestyle.ideacrossing.org/story/785926/eteacher-group-launches-longevity-life-academy-to-teach-the-longevity-protocol-the-wealthy-pay-millions-for/,200,LIVE
Ideawins,lifestyle.ideawins.com,Lifestyle network,https://lifestyle.ideawins.com/story/780660/eteacher-group-launches-longevity-life-academy-to-teach-the-longevity-protocol-the-wealthy-pay-millions-for/,200,LIVE
Inentertainment,lifestyle.inentertainment.co.uk,Lifestyle network,https://lifestyle.inentertainment.co.uk/story/782103/eteacher-group-launches-longevity-life-academy-to-teach-the-longevity-protocol-the-wealthy-pay-millions-for/,200,LIVE
Infotechinc,lifestyle.infotechinc.net,Lifestyle network,https://lifestyle.infotechinc.net/story/784415/eteacher-group-launches-longevity-life-academy-to-teach-the-longevity-protocol-the-wealthy-pay-millions-for/,200,LIVE
Inspiredn,lifestyle.inspiredn.com,Lifestyle network,https://lifestyle.inspiredn.com/story/755385/eteacher-group-launches-longevity-life-academy-to-teach-the-longevity-protocol-the-wealthy-pay-millions-for/,200,LIVE
Jardal Paintball,lifestyle.jardal-paintball.com,Lifestyle network,https://lifestyle.jardal-paintball.com/story/756073/eteacher-group-launches-longevity-life-academy-to-teach-the-longevity-protocol-the-wealthy-pay-millions-for/,200,LIVE
Kbew98country,lifestyle.kbew98country.com,Lifestyle network,https://lifestyle.kbew98country.com/story/337860/eteacher-group-launches-longevity-life-academy-to-teach-the-longevity-protocol-the-wealthy-pay-millions-for/,200,LIVE
Kccrradio,lifestyle.kccrradio.com,Lifestyle network,https://lifestyle.kccrradio.com/story/337660/eteacher-group-launches-longevity-life-academy-to-teach-the-longevity-protocol-the-wealthy-pay-millions-for/,200,LIVE
Kotaradio,lifestyle.kotaradio.com,Lifestyle network,https://lifestyle.kotaradio.com/story/337194/eteacher-group-launches-longevity-life-academy-to-teach-the-longevity-protocol-the-wealthy-pay-millions-for/,200,LIVE
Kynt1450,lifestyle.kynt1450.com,Lifestyle network,https://lifestyle.kynt1450.com/story/337173/eteacher-group-launches-longevity-life-academy-to-teach-the-longevity-protocol-the-wealthy-pay-millions-for/,200,LIVE
Lamora,lifestyle.lamora.net,Lifestyle network,https://lifestyle.lamora.net/story/782850/eteacher-group-launches-longevity-life-academy-to-teach-the-longevity-protocol-the-wealthy-pay-millions-for/,200,LIVE
Lincolnlabs,lifestyle.lincolnlabs.com,Lifestyle network,https://lifestyle.lincolnlabs.com/story/755947/eteacher-group-launches-longevity-life-academy-to-teach-the-longevity-protocol-the-wealthy-pay-millions-for/,200,LIVE
Lmcordoba,lifestyle.lmcordoba.com.ar,Lifestyle network,https://lifestyle.lmcordoba.com.ar/story/785604/eteacher-group-launches-longevity-life-academy-to-teach-the-longevity-protocol-the-wealthy-pay-millions-for/,200,LIVE
Longislandreport,lifestyle.longislandreport.org,Lifestyle network,https://lifestyle.longislandreport.org/story/755436/eteacher-group-launches-longevity-life-academy-to-teach-the-longevity-protocol-the-wealthy-pay-millions-for/,200,LIVE
Loopbiz,lifestyle.loopbiz.com,Lifestyle network,https://lifestyle.loopbiz.com/story/245340/eteacher-group-launches-longevity-life-academy-to-teach-the-longevity-protocol-the-wealthy-pay-millions-for/,200,LIVE
Luxedb,lifestyle.luxedb.com,Lifestyle network,https://lifestyle.luxedb.com/story/750051/eteacher-group-launches-longevity-life-academy-to-teach-the-longevity-protocol-the-wealthy-pay-millions-for/,200,LIVE
Marketresearchjournals,lifestyle.marketresearchjournals.com,Lifestyle network,https://lifestyle.marketresearchjournals.com/story/784652/eteacher-group-launches-longevity-life-academy-to-teach-the-longevity-protocol-the-wealthy-pay-millions-for/,200,LIVE
Massnews,lifestyle.massnews.com,Lifestyle network,https://lifestyle.massnews.com/story/780872/eteacher-group-launches-longevity-life-academy-to-teach-the-longevity-protocol-the-wealthy-pay-millions-for/,200,LIVE
Matomyseo,lifestyle.matomyseo.com,Lifestyle network,https://lifestyle.matomyseo.com/story/779822/eteacher-group-launches-longevity-life-academy-to-teach-the-longevity-protocol-the-wealthy-pay-millions-for/,200,LIVE
Mauisky,lifestyle.mauisky.com,Lifestyle network,https://lifestyle.mauisky.com/story/245447/eteacher-group-launches-longevity-life-academy-to-teach-the-longevity-protocol-the-wealthy-pay-millions-for/,200,LIVE
Maxmention,lifestyle.maxmention.com,Lifestyle network,https://lifestyle.maxmention.com/story/245434/eteacher-group-launches-longevity-life-academy-to-teach-the-longevity-protocol-the-wealthy-pay-millions-for/,404,unverified
Mediatrainingforceos,lifestyle.mediatrainingforceos.com,Lifestyle network,https://lifestyle.mediatrainingforceos.com/story/781398/eteacher-group-launches-longevity-life-academy-to-teach-the-longevity-protocol-the-wealthy-pay-millions-for/,200,LIVE
Menstyle1,lifestyle.menstyle1.com,Lifestyle network,https://lifestyle.menstyle1.com/story/784159/eteacher-group-launches-longevity-life-academy-to-teach-the-longevity-protocol-the-wealthy-pay-millions-for/,200,LIVE
Menundermicroscope,lifestyle.menundermicroscope.com,Lifestyle network,https://lifestyle.menundermicroscope.com/story/245222/eteacher-group-launches-longevity-life-academy-to-teach-the-longevity-protocol-the-wealthy-pay-millions-for/,200,LIVE
Microcapnews,lifestyle.microcapnews.com,Lifestyle network,https://lifestyle.microcapnews.com/story/782275/eteacher-group-launches-longevity-life-academy-to-teach-the-longevity-protocol-the-wealthy-pay-millions-for/,200,LIVE
Militaryparenting,lifestyle.militaryparenting.org,Lifestyle network,https://lifestyle.militaryparenting.org/story/345069/eteacher-group-launches-longevity-life-academy-to-teach-the-longevity-protocol-the-wealthy-pay-millions-for/,200,LIVE
Mmminimal,lifestyle.mmminimal.com,Lifestyle network,https://lifestyle.mmminimal.com/story/780338/eteacher-group-launches-longevity-life-academy-to-teach-the-longevity-protocol-the-wealthy-pay-millions-for/,200,LIVE
Moviecastingcall,lifestyle.moviecastingcall.org,Lifestyle network,https://lifestyle.moviecastingcall.org/story/241378/eteacher-group-launches-longevity-life-academy-to-teach-the-longevity-protocol-the-wealthy-pay-millions-for/,200,LIVE
Myeaglecountry,lifestyle.myeaglecountry.com,Lifestyle network,https://lifestyle.myeaglecountry.com/story/337664/eteacher-group-launches-longevity-life-academy-to-teach-the-longevity-protocol-the-wealthy-pay-millions-for/,504,unverified
Nblaz,lifestyle.nblaz.com,Lifestyle network,https://lifestyle.nblaz.com/story/245486/eteacher-group-launches-longevity-life-academy-to-teach-the-longevity-protocol-the-wealthy-pay-millions-for/,200,LIVE
Newsblaze,lifestyle.newsblaze.in,Lifestyle network,https://lifestyle.newsblaze.in/story/245334/eteacher-group-launches-longevity-life-academy-to-teach-the-longevity-protocol-the-wealthy-pay-millions-for/,200,LIVE
Newsblaze,lifestyle.newsblaze.com.au,Lifestyle network,https://lifestyle.newsblaze.com.au/story/245570/eteacher-group-launches-longevity-life-academy-to-teach-the-longevity-protocol-the-wealthy-pay-millions-for/,200,LIVE
Newsblaze,lifestyle.newsblaze.com,Lifestyle network,https://lifestyle.newsblaze.com/story/747548/eteacher-group-launches-longevity-life-academy-to-teach-the-longevity-protocol-the-wealthy-pay-millions-for/,200,LIVE
Onlygolfnews,lifestyle.onlygolfnews.com,Lifestyle network,https://lifestyle.onlygolfnews.com/story/782000/eteacher-group-launches-longevity-life-academy-to-teach-the-longevity-protocol-the-wealthy-pay-millions-for/,200,LIVE
Operation Infinitejustice,lifestyle.operation-infinitejustice.org,Lifestyle network,https://lifestyle.operation-infinitejustice.org/story/244956/eteacher-group-launches-longevity-life-academy-to-teach-the-longevity-protocol-the-wealthy-pay-millions-for/,200,LIVE
PSPL,lifestyle.pspl.com,Lifestyle network,https://lifestyle.pspl.com/story/761236/eteacher-group-launches-longevity-life-academy-to-teach-the-longevity-protocol-the-wealthy-pay-millions-for/,200,LIVE
Paraskevas,lifestyle.paraskevas.net,Lifestyle network,https://lifestyle.paraskevas.net/story/776330/eteacher-group-launches-longevity-life-academy-to-teach-the-longevity-protocol-the-wealthy-pay-millions-for/,200,LIVE
Passionateaboutfood,lifestyle.passionateaboutfood.net,Lifestyle network,https://lifestyle.passionateaboutfood.net/story/776465/eteacher-group-launches-longevity-life-academy-to-teach-the-longevity-protocol-the-wealthy-pay-millions-for/,200,LIVE
Phenomena,lifestyle.phenomena.org,Lifestyle network,https://lifestyle.phenomena.org/story/766708/eteacher-group-launches-longevity-life-academy-to-teach-the-longevity-protocol-the-wealthy-pay-millions-for/,200,LIVE
Pierrecountry,lifestyle.pierrecountry.com,Lifestyle network,https://lifestyle.pierrecountry.com/story/337170/eteacher-group-launches-longevity-life-academy-to-teach-the-longevity-protocol-the-wealthy-pay-millions-for/,200,LIVE
Pluralist,lifestyle.pluralist.com,Lifestyle network,https://lifestyle.pluralist.com/story/783088/eteacher-group-launches-longevity-life-academy-to-teach-the-longevity-protocol-the-wealthy-pay-millions-for/,200,LIVE
Presbycamp,lifestyle.presbycamp.org,Lifestyle network,https://lifestyle.presbycamp.org/story/779826/eteacher-group-launches-longevity-life-academy-to-teach-the-longevity-protocol-the-wealthy-pay-millions-for/,200,LIVE
Q923radio,lifestyle.q923radio.com,Lifestyle network,https://lifestyle.q923radio.com/story/336988/eteacher-group-launches-longevity-life-academy-to-teach-the-longevity-protocol-the-wealthy-pay-millions-for/,000,unverified
Quebecnewstribune,lifestyle.quebecnewstribune.com,Lifestyle network,https://lifestyle.quebecnewstribune.com/story/245292/eteacher-group-launches-longevity-life-academy-to-teach-the-longevity-protocol-the-wealthy-pay-millions-for/,200,LIVE
Realie,lifestyle.realie.org,Lifestyle network,https://lifestyle.realie.org/story/782748/eteacher-group-launches-longevity-life-academy-to-teach-the-longevity-protocol-the-wealthy-pay-millions-for/,200,LIVE
Reipet,lifestyle.reipet.com,Lifestyle network,https://lifestyle.reipet.com/story/245442/eteacher-group-launches-longevity-life-academy-to-teach-the-longevity-protocol-the-wealthy-pay-millions-for/,200,LIVE
Roboearth,lifestyle.roboearth.org,Lifestyle network,https://lifestyle.roboearth.org/story/245557/eteacher-group-launches-longevity-life-academy-to-teach-the-longevity-protocol-the-wealthy-pay-millions-for/,200,LIVE
Rushprnews,lifestyle.rushprnews.com,Lifestyle network,https://lifestyle.rushprnews.com/story/245535/eteacher-group-launches-longevity-life-academy-to-teach-the-longevity-protocol-the-wealthy-pay-millions-for/,200,LIVE
Serversfree,lifestyle.serversfree.com,Lifestyle network,https://lifestyle.serversfree.com/story/781760/eteacher-group-launches-longevity-life-academy-to-teach-the-longevity-protocol-the-wealthy-pay-millions-for/,200,LIVE
Sharism,lifestyle.sharism.org,Lifestyle network,https://lifestyle.sharism.org/story/245666/eteacher-group-launches-longevity-life-academy-to-teach-the-longevity-protocol-the-wealthy-pay-millions-for/,200,LIVE
Social Matic,lifestyle.social-matic.com,Lifestyle network,https://lifestyle.social-matic.com/story/768939/eteacher-group-launches-longevity-life-academy-to-teach-the-longevity-protocol-the-wealthy-pay-millions-for/,200,LIVE
Socialsinsider,lifestyle.socialsinsider.com,Lifestyle network,https://lifestyle.socialsinsider.com/story/759097/eteacher-group-launches-longevity-life-academy-to-teach-the-longevity-protocol-the-wealthy-pay-millions-for/,200,LIVE
Sourcefed,lifestyle.sourcefed.com,Lifestyle network,https://lifestyle.sourcefed.com/story/771617/eteacher-group-launches-longevity-life-academy-to-teach-the-longevity-protocol-the-wealthy-pay-millions-for/,200,LIVE
Spaziotribu,lifestyle.spaziotribu.org,Lifestyle network,https://lifestyle.spaziotribu.org/story/342640/eteacher-group-launches-longevity-life-academy-to-teach-the-longevity-protocol-the-wealthy-pay-millions-for/,200,LIVE
Spiritual Quotes,lifestyle.spiritual-quotes.org,Lifestyle network,https://lifestyle.spiritual-quotes.org/story/245461/eteacher-group-launches-longevity-life-academy-to-teach-the-longevity-protocol-the-wealthy-pay-millions-for/,200,LIVE
Storytellingco,lifestyle.storytellingco.com,Lifestyle network,https://lifestyle.storytellingco.com/story/245311/eteacher-group-launches-longevity-life-academy-to-teach-the-longevity-protocol-the-wealthy-pay-millions-for/,200,LIVE
Streetregister,lifestyle.streetregister.com,Lifestyle network,https://lifestyle.streetregister.com/story/767310/eteacher-group-launches-longevity-life-academy-to-teach-the-longevity-protocol-the-wealthy-pay-millions-for/,200,LIVE
Successfuldaily,lifestyle.successfuldaily.com,Lifestyle network,https://lifestyle.successfuldaily.com/story/767762/eteacher-group-launches-longevity-life-academy-to-teach-the-longevity-protocol-the-wealthy-pay-millions-for/,200,LIVE
Successxl,lifestyle.successxl.com,Lifestyle network,https://lifestyle.successxl.com/story/767825/eteacher-group-launches-longevity-life-academy-to-teach-the-longevity-protocol-the-wealthy-pay-millions-for/,200,LIVE
Tasteterminal,lifestyle.tasteterminal.com,Lifestyle network,https://lifestyle.tasteterminal.com/story/770613/eteacher-group-launches-longevity-life-academy-to-teach-the-longevity-protocol-the-wealthy-pay-millions-for/,200,LIVE
Teethgrinder,lifestyle.teethgrinder.co.uk,Lifestyle network,https://lifestyle.teethgrinder.co.uk/story/241227/eteacher-group-launches-longevity-life-academy-to-teach-the-longevity-protocol-the-wealthy-pay-millions-for/,200,LIVE
The Newshub,lifestyle.the-newshub.com,Lifestyle network,https://lifestyle.the-newshub.com/story/759278/eteacher-group-launches-longevity-life-academy-to-teach-the-longevity-protocol-the-wealthy-pay-millions-for/,200,LIVE
Thedailyhaze,lifestyle.thedailyhaze.com,Lifestyle network,https://lifestyle.thedailyhaze.com/story/767394/eteacher-group-launches-longevity-life-academy-to-teach-the-longevity-protocol-the-wealthy-pay-millions-for/,200,LIVE
Thedam,lifestyle.thedam.fm,Lifestyle network,https://lifestyle.thedam.fm/story/336955/eteacher-group-launches-longevity-life-academy-to-teach-the-longevity-protocol-the-wealthy-pay-millions-for/,200,LIVE
Theglimpse,lifestyle.theglimpse.com,Lifestyle network,https://lifestyle.theglimpse.com/story/775941/eteacher-group-launches-longevity-life-academy-to-teach-the-longevity-protocol-the-wealthy-pay-millions-for/,200,LIVE
Thegreatnews,lifestyle.thegreatnews.com,Lifestyle network,https://lifestyle.thegreatnews.com/story/244421/eteacher-group-launches-longevity-life-academy-to-teach-the-longevity-protocol-the-wealthy-pay-millions-for/,200,LIVE
Thepointnews,lifestyle.thepointnews.com,Lifestyle network,https://lifestyle.thepointnews.com/story/772099/eteacher-group-launches-longevity-life-academy-to-teach-the-longevity-protocol-the-wealthy-pay-millions-for/,200,LIVE
Therapybutbetter,lifestyle.therapybutbetter.com,Lifestyle network,https://lifestyle.therapybutbetter.com/story/244696/eteacher-group-launches-longevity-life-academy-to-teach-the-longevity-protocol-the-wealthy-pay-millions-for/,200,LIVE
Timesla,lifestyle.timesla.com,Lifestyle network,https://lifestyle.timesla.com/story/811676/eteacher-group-launches-longevity-life-academy-to-teach-the-longevity-protocol-the-wealthy-pay-millions-for/,200,LIVE
Topglobe,lifestyle.topglobe.news,Lifestyle network,https://lifestyle.topglobe.news/story/243892/eteacher-group-launches-longevity-life-academy-to-teach-the-longevity-protocol-the-wealthy-pay-millions-for/,200,LIVE
Tophustler,lifestyle.tophustler.com,Lifestyle network,https://lifestyle.tophustler.com/story/769531/eteacher-group-launches-longevity-life-academy-to-teach-the-longevity-protocol-the-wealthy-pay-millions-for/,200,LIVE
Trondstidkontroll,lifestyle.trondstidkontroll.com,Lifestyle network,https://lifestyle.trondstidkontroll.com/story/768958/eteacher-group-launches-longevity-life-academy-to-teach-the-longevity-protocol-the-wealthy-pay-millions-for/,200,LIVE
Trymentalwellness,lifestyle.trymentalwellness.com,Lifestyle network,https://lifestyle.trymentalwellness.com/story/244226/eteacher-group-launches-longevity-life-academy-to-teach-the-longevity-protocol-the-wealthy-pay-millions-for/,200,LIVE
Tweeternet,lifestyle.tweeternet.com,Lifestyle network,https://lifestyle.tweeternet.com/story/771017/eteacher-group-launches-longevity-life-academy-to-teach-the-longevity-protocol-the-wealthy-pay-millions-for/,200,LIVE
Ubi Interactive,lifestyle.ubi-interactive.com,Lifestyle network,https://lifestyle.ubi-interactive.com/story/774049/eteacher-group-launches-longevity-life-academy-to-teach-the-longevity-protocol-the-wealthy-pay-millions-for/,200,LIVE
Us Az Culturalfoundation,lifestyle.us-az-culturalfoundation.com,Lifestyle network,https://lifestyle.us-az-culturalfoundation.com/story/245403/eteacher-group-launches-longevity-life-academy-to-teach-the-longevity-protocol-the-wealthy-pay-millions-for/,200,LIVE
Washingtonguardian,lifestyle.washingtonguardian.com,Lifestyle network,https://lifestyle.washingtonguardian.com/story/783899/eteacher-group-launches-longevity-life-academy-to-teach-the-longevity-protocol-the-wealthy-pay-millions-for/,200,LIVE
Webehoney,lifestyle.webehoney.com,Lifestyle network,https://lifestyle.webehoney.com/story/245317/eteacher-group-launches-longevity-life-academy-to-teach-the-longevity-protocol-the-wealthy-pay-millions-for/,200,LIVE
Wirednewsengine,lifestyle.wirednewsengine.com,Lifestyle network,https://lifestyle.wirednewsengine.com/story/245041/eteacher-group-launches-longevity-life-academy-to-teach-the-longevity-protocol-the-wealthy-pay-millions-for/,200,LIVE
Womensconference,lifestyle.womensconference.org,Lifestyle network,https://lifestyle.womensconference.org/story/776950/eteacher-group-launches-longevity-life-academy-to-teach-the-longevity-protocol-the-wealthy-pay-millions-for/,200,LIVE
Worldcitypress,lifestyle.worldcitypress.com,Lifestyle network,https://lifestyle.worldcitypress.com/story/240997/eteacher-group-launches-longevity-life-academy-to-teach-the-longevity-protocol-the-wealthy-pay-millions-for/,200,LIVE
Worldofvideogaming,lifestyle.worldofvideogaming.com,Lifestyle network,https://lifestyle.worldofvideogaming.com/story/245487/eteacher-group-launches-longevity-life-academy-to-teach-the-longevity-protocol-the-wealthy-pay-millions-for/,200,LIVE
